,beta0,july_min,jan_max,prec,evap,soil,wind
1,3.813166987,-4.314879611,-3.324321867,3.441686099,-3.210483062,-3.648525986,-2.015530065
2,8.016109959,-26.00571416,-19.41056008,15.42641079,-15.08117899,-16.99983978,-10.48209206
3,3.516940037,-25.4775017,-21.87477007,16.15859754,-14.47379143,-18.87230786,-10.8915306
4,25.96126106,-43.12178148,-45.74224399,25.90641282,-20.38476569,-34.50933814,-7.211724537
5,0.558081445,0.23013319,0.705080152,0.825191475,-1.050457978,-0.228074855,-0.288638173
6,1.374008973,-7.965804297,-5.860214481,5.59194287,-5.049722621,-6.315307716,-3.532723992
7,3.397485799,-11.69683781,-9.574121008,8.54328662,-7.452805442,-10.01394605,-5.129805169
8,1.597934831,-7.507367652,-5.875516157,5.495623608,-4.89406268,-6.327696647,-3.490234507
9,1.648854539,-4.066901003,-3.290634276,2.257688829,-2.109184562,-2.699796391,-1.533537684
10,2.249284115,-6.184338942,-4.749615111,3.905230786,-3.63848181,-4.558422723,-2.796079773
11,0.372685244,2.552195818,2.225100458,-0.617414794,0.304973509,1.350078567,-0.161144403
12,4.703295554,21.47174321,18.15063425,-4.932037281,1.99881085,11.89799205,-0.965849657
13,2.27848435,-0.168540496,-0.250170361,-0.056219347,0.069117232,0.09656172,-0.057556967
14,2.739018224,0.149133881,-0.089567807,0.110227292,-0.013254822,0.044381147,0.042804883
15,3.377590467,-0.704212084,-0.526323095,0.123809813,-0.282922292,-0.162120179,-0.04737652
16,2.356061696,-0.312262896,-0.31420652,-0.067187839,0.069968673,0.052412528,-0.062136429
17,4.611404211,-0.152314687,-0.552327581,-0.434610294,0.241699081,0.464266792,-0.120449441
18,1.177782102,-0.098471841,-0.130723157,0.13617521,-0.081092923,-0.057983669,-0.004932086
19,13.96542476,-1.395881526,-2.242164826,-3.681428618,2.083015814,3.319558508,-2.23827458
20,-0.128483364,0.147777994,0.241873206,-0.050032347,0.009031819,0.106144598,-0.116680817
21,-3.968287369,-21.01043861,-19.1727511,-15.6931842,14.90980152,12.96926508,4.264100426
22,-0.245863457,1.780835396,-0.214945997,1.298499446,-1.57445571,1.194437597,1.380486682
23,-20.65567456,18.8592275,-23.37887715,52.21215055,-20.95333026,-16.07449023,18.8768141
24,0.158054528,0.369340387,0.672958707,0.659743101,-0.756999548,-1.247362304,-0.275204639
25,7.805702562,-1.371998179,-1.582461481,0.595089579,-0.122737284,-0.327013339,-0.230285953
26,5.993194265,-0.858264228,-0.712718645,-0.240254798,0.262608171,0.093078184,-0.744599038
27,1.12334332,-0.110824735,-0.065972893,-0.04310949,0.114437716,0.068167303,-0.061641787
28,3.418851768,0.143871688,0.093150596,0.384962825,-0.153583875,-0.314893262,-0.097146843
29,2.545137885,0.011245997,-0.196848089,0.004825759,-0.063980427,0.177815844,0.041079179
30,5.342788832,-0.396366481,-0.308071652,-0.625676077,0.325350903,0.365583854,0.297284947
31,10.97119433,-0.755514785,-0.655884236,-0.282130763,0.166430077,0.38134699,-0.547448777
32,0.09255969,-2.211543725,-0.50265182,-0.543552398,0.438690416,0.832318547,-0.709043714
33,0.324476824,2.500130799,2.184177426,-0.413033938,0.435951971,0.855377369,-0.098591972
34,0.803772794,1.257304232,0.858739311,-0.590115147,0.522753678,0.759584343,0.200640264
35,13.00447691,21.16449883,14.08339994,-9.939748813,8.777847016,12.43654112,3.794436612
36,11.90130815,6.609690052,5.077232206,3.963049683,-3.882190816,-3.505436926,-4.903574538
37,0.540536928,0.517018316,0.382306126,0.183071547,-0.184905968,-0.01610837,-0.422305288
38,13.39083849,20.67008637,12.71163732,-5.084848166,5.321003487,6.458816226,2.541081235
39,1.034060942,1.377851791,0.753760769,0.177468109,-0.107408604,-0.081750803,-0.405563304
40,3.570189205,3.354181273,1.872343365,0.143719707,0.020945678,-0.039682641,-0.734283544
41,9.950483464,14.11146852,8.833027986,-2.471615642,2.873046612,3.548365063,1.483101368
42,0.128400924,0.353389516,0.263253471,0.236334762,-0.291562916,0.007776103,-0.803532815
43,13.21907884,23.0057433,15.39892252,-5.568177266,5.709966958,7.495764392,2.70835881
44,1.94460982,3.48585633,2.16355768,1.999476043,-2.500900068,-1.367197738,-4.597237173
45,3.091805724,5.412313699,3.460311375,-0.300499483,0.383502863,0.7625194,-0.297466528
46,8.307684753,20.80020717,14.15196462,-8.591240109,7.903017337,10.59651606,5.664393448
47,4.243063776,11.03104117,7.720471496,-4.503763236,4.155546128,5.554216893,2.869985131
48,3.121004786,13.5878634,10.34980432,-4.598303085,4.341559226,6.202065305,2.74335258
49,13.89061862,44.2321956,34.00694655,-16.51791622,13.95269564,21.62451736,6.883331097
50,2.595309915,1.851656181,2.290025215,1.526291254,-2.410013405,-0.694856954,-3.767126553
51,3.022442837,12.13138007,9.470340284,-3.300449164,3.225922582,4.679813264,2.431783039
52,14.14992702,36.05710155,29.37018493,-8.071567125,7.820672532,12.5781689,6.470843996
53,0.086160401,2.693550308,2.340836499,-0.635057983,0.499699976,1.302189408,0.018822045
54,38.55836068,96.0007291,72.36441284,-35.45473506,33.14367623,45.50187194,25.96225617
55,0.789041494,2.389103649,1.948067046,-0.347060905,-0.667260328,1.378750351,-2.484168826
56,1.410907899,5.143809846,3.723795123,-1.56074828,1.477201421,2.102080822,1.039753626
57,4.376044733,15.93229756,12.11129207,-3.736532742,3.873308859,5.405997111,3.609962293
58,1.935201662,7.311373701,5.799729986,-2.531221925,2.259783735,3.568232761,1.677061742
59,0.999951039,3.643236508,2.842624582,-1.021126061,0.980618867,1.469478212,0.734277735
60,0.57301472,1.967607088,1.497804297,-0.673224644,0.640604839,0.908251881,0.42263605
61,2.749800502,6.197347003,4.662938902,-2.320145507,2.068774682,3.017885688,1.300595015
62,5.674248369,15.7947183,11.44774975,-4.922469755,4.52586963,6.449117522,1.769822386
63,9.486572526,25.64244581,18.82018155,-9.752887707,9.01358903,12.72409938,5.786247997
64,0.512590066,1.900663551,1.557626228,-0.476501884,0.444731753,0.718770852,0.311483703
65,2.049761734,6.917026979,5.302436362,-2.85701316,2.55442318,3.770303089,1.831752442
66,1.683672132,5.65185623,4.61845678,-1.214711595,1.230555559,1.972761507,1.188677562
67,11.00171841,27.80822973,20.96943897,-9.07431556,8.677388121,12.32065107,7.030561262
68,0.989123179,3.082024002,2.679563619,-0.044851166,0.192157502,0.483889189,0.644668468
69,2.29530621,5.082736311,4.133754014,-1.823028306,1.68079481,2.559629188,1.709339502
70,2.073874777,6.400816494,5.265113963,-2.218329524,2.034365394,3.248197038,1.89809634
71,2.855742978,7.692040245,6.296868544,-2.832993293,2.506138385,3.976676001,2.056826901
72,11.60901255,25.86122631,21.96332589,-7.155976989,6.192019154,11.48497885,5.470531214
73,1.546154124,2.397411011,1.79221738,-0.636272994,-0.377127025,1.526789698,-1.7658735
74,1.115852003,1.653825023,1.23287267,-0.387220933,-0.060015822,0.992652169,-0.542038541
75,2.338152067,3.084061782,2.164023287,-0.663278101,-0.147649599,2.000269402,-0.995418602
76,8.665137897,10.52853984,8.928101684,-4.422969443,1.230439085,8.420833566,-2.86763047
77,0.211399447,1.388470512,0.118741675,1.111183689,-1.662960396,0.865210995,-0.483733043
78,0.846797328,1.954764083,1.815477796,-0.519679516,-0.06787115,1.283977729,-1.013840481
79,4.982973516,9.696989691,9.063413732,-1.600948299,-0.891073404,5.490707856,-4.061967741
80,0.014072998,0.531982834,0.879046429,-0.801416937,0.305816397,0.864098615,-0.761187139
81,0.936793505,1.000440234,0.692907605,-0.140191568,-0.193037942,0.666252868,-0.704001989
82,5.268981661,1.752152739,1.084813701,-0.47914411,-0.594489898,1.819212965,-1.636015384
83,5.970476742,0.732541616,-0.301656755,-0.116625921,-1.128666203,2.095276516,-1.537318485
84,0.356788678,0.415380151,0.382411133,-0.185334157,-0.099746628,0.521149163,-0.542856434
85,1.543207141,1.630528478,1.320923697,-1.16528802,0.40397522,1.910614973,-1.387129232
86,1.072175571,0.11105495,0.021940053,-0.423961481,0.058241329,0.695122936,-0.552518389
87,2.090454841,1.302080331,1.058893095,-1.055708666,0.247128169,1.706745346,-1.277814849
88,5.921413867,3.345899654,2.329975508,-2.363714727,0.682029916,4.092601061,-2.165421067
89,7.446727618,-0.457967629,1.634019912,-3.004290248,0.672282618,3.406431956,-1.597889494
90,2.89193421,-2.188864911,0.336148783,-1.44251888,-0.016216937,0.662994705,-1.689183688
91,1.391295197,0.44868033,0.375007264,-0.441249244,0.049297743,0.743851776,-0.418974242
92,-2.216245936,37.57789039,59.59415798,-58.72145697,39.38677043,50.41998794,0.403340145
93,7.875026061,2.394899931,2.102897356,-12.74549974,3.69069558,9.164082983,0.392323633
94,2.680583254,4.234815844,6.298653771,-9.661991247,5.257209574,8.301365807,0.024068812
95,-21.41447848,21.07394114,25.57409495,-22.49162525,17.78779546,20.06812067,-4.629707464
96,-1.806999324,3.253446652,3.993010663,-3.963953479,2.896889827,3.458914331,-0.440067355
97,-8.410086184,6.721139212,7.378954926,-4.515189113,4.368794757,4.217899913,-1.722780219
98,-6.724325814,5.67042204,6.640899115,-4.538048151,4.258074216,4.127951269,-1.371164053
99,-14.45887568,16.50280999,17.79354405,-11.72402008,10.46358887,10.99761691,-3.092497909
100,-7.675183341,7.398880436,8.653955143,-6.927410375,5.834078125,6.071716569,-1.601869874
101,-10.32804622,8.445323748,10.38619056,-8.481086756,7.522682895,7.321168469,-1.952694632
102,-27.10560608,24.08913382,35.05326345,-31.02252183,26.8086558,26.4600155,-5.219654959
103,6.574527108,2.99284932,5.299777634,-13.3558173,6.594108858,10.24212553,-0.272764652
104,-2.128660603,-0.97571812,0.072029733,3.180375276,-0.878597547,-1.906945026,-0.852381108
105,-0.791103288,6.358940262,5.950905971,-5.342310359,3.368215356,5.059747267,-1.266226004
106,-0.704608446,3.848544367,3.45775491,-4.516295456,2.472521298,3.857289948,-0.509063559
107,-3.781159034,29.18765854,25.1157883,-23.52375022,13.34236743,21.94537497,-4.47342915
108,-1.417440401,-0.153328694,0.704279009,0.623468502,0.208749601,0.239948682,-0.855603109
109,-17.86056826,55.08895909,48.33481708,-50.81556145,29.50454614,45.28183304,-10.33753295
110,0.889616086,-0.615744455,0.421053176,-0.3156227,0.111283319,0.314480676,0.221176957
111,1.030808513,-5.575338001,-2.995416802,15.75090046,-7.048350141,-10.93279223,-0.704591525
112,-3.776924986,-0.741906482,3.034825428,1.772001928,0.397043855,-0.536730357,-1.749565155
113,-0.487491324,-1.355398086,0.891064051,3.300681357,-0.118821586,-1.557387718,-0.209147044
114,0.984196582,0.369968575,1.869942482,1.423296355,0.195043907,-0.589359756,-0.491966242
115,0.098734076,-2.306289862,-0.775794665,1.936045896,-0.583975276,-1.491410971,-0.377978288
116,0.23448508,-0.640943082,-0.168378345,2.187453792,-0.959361198,-1.560668539,-0.174244014
117,2.216506028,-0.327959766,0.301407889,3.215982957,-1.534382909,-2.227941952,0.059911261
118,0.649757173,-0.566908735,-0.233821087,1.86410067,-0.864746522,-1.336123579,0.030142564
119,-0.678905635,-9.330163154,-6.681505057,6.059358845,-5.427242215,-7.130402822,-3.843609255
120,-3.433925196,-43.86219151,-32.68028482,27.2441888,-24.50499211,-32.34529994,-17.73507909
121,-2.045166095,-65.58535393,-51.77435397,36.79121938,-32.93511804,-45.12319078,-23.40763236
122,0.424458108,1.83981948,2.063652175,-0.438872963,0.246022856,0.898881635,-0.123998163
123,-8.651306647,-278.3304273,-220.5411559,153.3855686,-137.4807967,-188.9658512,-97.47668526
124,-0.975124574,-0.794725808,1.780656601,2.545946566,-2.510963244,-1.774034373,-2.447166881
125,-0.66489346,-13.64285142,-10.17177537,8.534946713,-7.676759157,-10.0730462,-5.571128916
126,-1.749966185,-18.07053205,-12.8724274,11.72934358,-10.58689936,-13.63156797,-7.744283624
127,-0.243169291,-8.748684711,-6.38914457,6.049937626,-5.443410891,-6.998090296,-4.064015619
128,-2.481618024,-69.30544782,-52.06800458,43.10082171,-38.82285458,-51.168442,-28.04621587
129,-2.170106222,6.119515402,7.364065576,-1.076995227,0.44917608,3.275006577,-0.377562529
130,-0.493388216,-27.48113962,-21.34072509,16.12826548,-14.46648588,-19.417189,-10.30457162
131,-3.649753055,-164.8535597,-130.9333372,90.82032731,-81.35582817,-111.9535537,-57.31426008
132,-2.184814782,-0.592109093,1.085303411,3.160156978,-3.623223068,-0.876092413,-3.971262597
133,0.752825994,27.91410659,23.32762133,-12.80792854,11.44658129,16.99400482,8.041083239
134,-0.119958435,2.369778642,2.408384844,-0.117444342,0.13332865,0.669819955,-0.091321392
135,-12.39157888,-580.8571727,-463.3146278,315.6245489,-282.6813468,-390.8664339,-199.0559596
136,3.74797222,-11.30804923,0.580734167,-1.2168204,5.340257897,-2.305538842,-4.59660481
137,1.518421987,-0.241351279,0.048310636,-0.031119905,-0.052730645,-0.011755359,-0.274896941
138,10.64110187,0.920100072,0.954553369,0.460553126,-0.532774752,-0.058638921,0.063967137
139,2.186009255,-0.201477155,-0.215318585,-0.141908665,0.211032583,0.101728037,-0.007996274
140,11.01903617,1.374243129,1.122630375,0.244453376,-0.203783896,0.224260739,0.255952885
141,0.825817328,0.137807905,0.113567223,-0.234815769,0.120210362,0.209509779,-0.005332234
142,2.909086675,0.302840004,0.260467231,-0.060284187,-0.030931405,0.112770405,0.151230628
143,1.993626757,0.280750104,0.228304637,-0.032345669,0.011344374,0.100917276,-0.084216967
144,145.1142705,11.28245844,3.04479288,-0.853241923,4.527383796,7.667753172,9.046428862
145,-0.225967736,2.46662771,1.142094809,0.77336525,-2.241361345,1.351622378,-2.99896543
146,4.666216849,0.954527003,0.675848508,0.517943674,-0.06498399,-0.067622494,-0.163458038
147,2.974796948,0.139048565,-0.006727761,-0.314164545,0.240325944,0.168022934,0.062375714
148,2.098451477,0.230047915,0.269205731,0.033063569,-0.112029753,-0.106291898,-0.106123939
149,2.135845842,0.363840845,0.288858373,0.060695811,-0.120446224,0.034776997,-0.074666887
150,9.408962677,1.211877861,1.260028527,0.119209304,-0.036872214,0.123283856,-0.239996468
151,3.663381244,-0.289884601,-0.203027947,0.052601208,0.031910318,-0.104483598,-0.216809421
152,543.779888,59.33356872,67.92944504,-33.82753906,22.10628323,20.99463817,-34.35975107
153,1.217710719,1.607316732,-1.139805168,0.590101937,0.126611936,0.999130577,1.82023932
154,2.749664784,0.137068346,-0.00040283,-0.195383718,0.017886807,0.24944609,-0.063271926
155,6.328684073,0.219510068,0.174151141,0.466699941,-0.031764527,-0.054909042,-0.01426313
156,1.41608176,-0.009762108,-0.024499109,0.242481802,-0.16648185,-0.11589623,-0.071058917
157,1.714189471,0.118659292,0.07082464,0.048044579,-0.069839536,-0.06925153,0.00902017
158,3.060716548,0.462644898,0.496020099,0.165188936,-0.118613398,-0.119506603,-0.03094725
159,2.791796096,0.606083987,0.48863499,-0.060406429,-0.009221997,0.084984499,-0.158287804
160,1.348152129,-0.028678201,-0.023783866,-0.062322604,0.095088351,0.043074519,0.037868135
161,11.40168538,2.05522853,1.894497309,-1.40796806,1.147957301,1.191885892,1.181361551
162,3.179020835,-0.132839245,0.223108592,-1.059575348,0.669461824,0.597118663,-0.680672078
163,6.577024167,0.342837479,0.08742839,0.391123792,-0.423029446,-0.020053582,0.289288975
164,4.896637464,0.168745175,0.057174475,-0.233143532,0.275522742,0.122540593,0.054877892
165,2.889949736,0.378503239,0.208490856,0.119143693,-0.119571624,0.010280378,0.05822516
166,15.03030362,-0.463345969,0.571332153,1.345982339,-0.276055248,-0.824522557,-0.465672484
167,9.136377804,-1.02893571,-0.550177551,0.237087953,-0.601309366,-0.810159158,-0.515727188
168,4.753753535,-0.111517002,-0.033289784,-0.402826829,0.530496745,0.217656556,0.189147483
169,1.378113177,0.027210223,-0.033189931,-0.118616239,0.097018512,0.119236271,-0.019064094
170,1.472943267,0.028073625,0.078707522,0.021285684,0.035587283,-0.004270222,2.28E-06
171,1.202246814,-0.004928573,-0.018445304,-0.05686775,0.040382527,0.041505224,0.008307901
172,1.68786889,0.085547631,0.11470671,-0.141208959,0.081494645,0.156736705,0.055130001
173,1.318491629,0.133809087,0.165566058,-0.105862542,0.089645967,0.036547823,0.032321853
174,2.131755701,0.075603415,-0.014989848,0.123326695,-0.055847874,-0.026771011,0.129526558
175,27.02352945,2.248261604,1.794922942,-0.256578486,1.05932782,0.700215403,1.933515116
176,152.9926301,63.7589404,63.4791412,17.64284451,-8.479237889,-37.48228937,-88.14288275
177,-0.805891951,4.435522797,-2.948779606,0.603446479,8.275682538,0.653142485,2.363476084
178,4.334151531,-1.989400277,0.043877554,0.093067028,0.410344822,-0.982142363,-1.977305864
179,15.44109412,-1.192271247,-0.833300108,2.000280603,-2.013035742,-2.157494996,-0.567148025
180,1.236967779,0.196500898,0.053288916,-0.066057781,0.053619764,0.086015632,0.198977002
181,2.942582115,0.486726766,0.370133405,-0.087144828,0.195909283,0.207795094,0.091448514
182,2.361821896,-0.029439293,-0.058237615,-0.259966275,0.228442834,0.23404379,0.121285134
183,83.30552669,-0.559739075,1.034882143,-1.8331965,-0.90838878,0.991391772,2.779593957
184,-0.881280422,-0.638986498,-0.42668452,-0.241608254,-0.585747802,-0.18586727,-0.426215651
185,3.061125873,0.705675791,0.617347222,-0.665426995,0.438628512,0.647389858,0.252359357
186,3.146334182,-0.07887432,0.151487235,-0.564757337,0.446841047,0.263095124,0.090538724
187,2.607100044,0.261134668,0.202854019,-0.118905016,0.135977023,0.163864555,0.034710469
188,2.276984293,0.103795019,0.081906091,-0.132012071,0.142896542,0.184956033,0.074866938
189,1.568846146,0.033344855,-0.048124584,-0.039389377,0.127029091,0.074549495,-0.049152784
190,5.90784519,0.808589883,0.477339812,-0.34207416,0.44352198,0.477783048,0.55739198
191,8.353117947,1.112122811,1.337764679,-0.083198564,0.236360144,0.390887911,0.219273819
192,17.04660022,-1.952576227,-1.003746179,-1.219174462,1.736085115,2.16839387,-0.221646096
193,2.395901939,1.470279556,1.352417895,0.278731742,-0.356406383,0.029095504,-0.623628359
194,1.180069868,-0.097584455,-0.084077686,0.054067913,-0.065496562,-0.072409756,-0.092007321
195,11.01204059,-0.217867272,0.116435517,-1.22452722,1.09870508,0.704889244,-0.070510706
196,6.303410822,0.436985585,0.328351716,-0.293498215,0.999154128,0.204457733,0.058608204
197,86.36837042,10.56292395,7.606738818,-8.851851084,10.37726247,9.434040755,0.066794222
198,-14.77262633,-30.36198613,-5.89470169,1.829765955,54.5293197,7.384144185,-58.54752531
199,0.471144125,-0.602912437,-0.368934139,1.343960265,-0.988885716,-0.365455277,0.622832888
200,2.664534875,0.192585147,0.220990692,-0.249117126,0.18642807,0.155667288,0.006813594
201,309.391631,305.2302699,226.1347182,96.3082175,-211.7971105,-168.4511936,-37.07573653
202,0.604625666,11.85885739,-19.20186662,19.50662172,-2.565389484,-0.067827614,1.047744162
203,3.704726722,5.249232397,-31.19198609,23.29468155,-0.880690272,1.225740805,7.699865823
204,-1.198535749,-7.615200401,13.00198695,-12.81454562,-0.899443035,-3.279432176,0.976137128
205,0.21822793,0.047659944,-0.253386805,-0.106447654,0.167158314,0.312348255,-0.664885813
206,-9.123369296,33.11745215,29.81199108,12.56356434,-6.041153074,-5.531026777,-5.264721396
207,-0.111171678,13.01983984,11.21329122,1.530562883,0.325975932,0.385256935,6.193893383
208,17.50211835,3.481927932,2.488763857,-7.317728005,6.202263586,5.851431774,2.32857693
209,1.473927762,-0.637464871,-1.633006723,-0.070088672,0.423418865,-0.462389589,-0.251157678
210,12.7773874,-6.236291284,-6.331906969,6.184364209,-5.439319718,-5.08553465,1.453260502
211,3.626288832,-0.602824762,-0.806627744,1.756399986,-1.626293685,-1.270813687,0.294382295
212,5.151693609,0.223505353,-0.084968177,1.661814807,-1.447653094,-1.17483387,0.468229767
213,4.990511741,1.112267596,0.517386722,2.294492487,-2.11191918,-1.344871178,0.375693037
214,2.661867248,-2.430274368,-1.587225279,-0.129134267,0.206750611,-0.490291305,0.549119633
215,-3.756444945,-4.095624616,-2.175671237,12.2343922,-4.035156068,-9.03859862,-1.393168158
216,1.231281865,-0.206036055,0.425342151,-0.129870013,0.298470154,0.036019405,-0.211152282
217,5.039593249,-6.852553628,-3.718485271,-0.270930211,-0.445174477,0.126311529,1.412335632
218,15.17544513,-10.71041759,-2.710901609,2.662072775,-3.611070338,-1.870298897,4.21052023
219,7.933463453,-2.613639358,1.204877465,0.836053766,-1.528281584,-0.153746863,1.342596893
220,4.581936717,-2.804085671,-1.083502187,-0.146026787,-0.192392156,0.17538233,0.634280303
221,2.541359687,-2.575335055,-1.429636631,-0.260897251,0.009570248,0.208903568,0.377723843
222,2.110901031,-1.909719647,-1.383986528,-0.182282722,0.094534513,0.02274122,0.372607721
223,10.96041572,-16.26640883,-10.7770717,-1.259837275,0.029043964,-0.113873615,2.059605103
224,2.531826337,-3.586471628,-2.544822983,-0.132314938,-0.023050087,-0.246503146,0.484025549
225,7.153331794,-5.456739217,-2.481716286,1.701981475,-1.80851773,-1.906091783,0.27343608
226,4.78039741,-1.888145112,-0.060956582,1.705301101,-1.651073911,-1.434316643,0.88788473
227,1.84226866,2.118096541,2.48802307,1.3913045,-1.189169886,-0.821733691,0.323721428
228,2.007567657,2.700145933,3.350089043,1.566405385,-1.450395076,-0.714023404,0.526910943
229,2.486392652,4.032454301,4.453737255,1.823206409,-1.627689784,-0.809955765,0.54674407
230,3.611174618,5.168557866,6.617082187,2.85937547,-2.704038366,-1.303944434,0.832755155
231,26.77497915,82.2367211,86.11030402,33.98255398,-28.34919199,-17.78883404,1.028324723
232,0.985909659,0.389277782,0.841085619,0.128384613,-0.32637842,0.321640544,-0.082014126
233,1.051902428,2.108920807,2.108590705,0.792350431,-0.631194245,-0.406591218,0.152280831
234,5.020078697,11.3908246,11.76177562,4.812636263,-3.951952238,-2.644138337,0.952437275
235,0.581672911,5.214648209,5.182808379,1.885738806,-1.524754016,-1.022489831,-0.341298972
236,2.046659561,8.545894043,8.314674642,2.450469558,-1.993238472,-0.995567811,-0.364314402
237,2.027591506,4.492484411,4.296780859,1.246422616,-0.939481296,-0.594391303,-0.340322248
238,8.362615769,20.34250005,18.27587432,3.286352131,-2.010134206,-0.589626952,-0.360379979
239,10.277164,24.83856946,27.25370118,7.862299649,-6.754386847,-2.390127864,-0.750365204
240,0.771701545,0.122112316,0.671027388,0.240974701,-0.314786317,-0.044740981,-0.04504309
241,9.311465258,33.46177951,32.72194434,9.991889295,-7.738585715,-4.757275198,-0.598022413
242,7.224761532,21.79105612,21.29821814,6.009076887,-4.590856767,-2.507920169,-0.194376467
243,5.598746349,2.579109698,4.553848883,2.543549227,-2.088053636,-2.147465064,0.101043896
244,9.121564711,-10.28169742,-7.925092802,-2.140586729,1.814193744,0.307257279,1.544179668
245,5.122501643,2.401936607,0.969995405,3.364490974,-2.870427608,-1.552787533,0.127034153
246,3.377595228,3.616279243,2.21555035,2.323139377,-2.026718276,-0.724708781,-0.079239916
247,5.314240513,6.097890226,4.043465088,3.697905573,-3.213410445,-1.129199708,-0.031520223
248,7.423104507,9.889186287,6.248503498,5.244989497,-4.440114344,-1.317006069,-0.126091565
249,1.383862381,1.085178154,1.035917136,-0.595994434,0.645036037,0.465904475,-0.026136025
250,3.272154386,2.86777755,2.454766383,-2.029240745,1.920047945,1.652414668,-0.104560073
251,2.74493328,2.806343111,2.76065228,-1.437311161,1.465292073,1.111044882,-0.048934776
252,6.438950463,-8.199660314,-8.559751821,1.423912454,0.075320964,-4.431267586,0.035779109
253,211.0170254,-231.3481241,-182.8960753,8.302710736,6.708254979,-60.59881118,48.57051966
254,-112.5526109,-232.3314876,4.834709791,-24.62933685,-16.90130768,28.70340507,-76.64989805
255,6.184185157,1.636170398,0.92568307,-0.956880713,0.35001941,1.000872725,0.305818029
256,3.994786423,-0.455815361,-0.327907924,-0.441998855,0.603289742,0.077033825,0.039439385
257,2.457309175,0.273146059,0.216155991,-0.194142959,0.342874686,0.212671556,0.00238251
258,1.39041267,4.323764684,2.866632354,2.638476143,-2.667924296,-0.463053309,-0.780554389
259,1.047707039,-4.134101266,-2.304578044,-2.855316416,2.802156247,0.960437082,0.425387411
260,31.02857114,-80.13528488,-46.3958632,-55.52615121,54.92114059,18.71263623,6.55016953
261,-1.86101478,-2.640493897,-3.302190882,-0.476670244,-0.299924463,1.515026678,-7.773656676
262,48.22131392,240.0377611,138.3717905,139.6033531,-134.7631112,-21.75022724,-31.07061042
263,1.444574723,-0.747981323,-0.14781755,2.469642925,0.672482984,2.868656341,0.938969775
264,75.29912643,633.2853226,706.8881562,-132.642942,70.08022775,22.52256321,-29.88369703
265,-12.82766691,-1.207669768,2.13361779,3.251036332,-10.97993163,5.493288101,8.575649881
266,2.148165706,0.66935605,0.418791408,-1.416414286,1.15168594,1.003169171,0.223928531
267,3.038259163,-3.839520578,-3.35322309,-3.46038064,2.561479857,2.5946012,-2.279599402
268,3.246649338,-3.691956783,-3.07371093,-2.634033828,1.964427456,1.87262558,-1.535523884
269,20.71143563,-19.906875,-15.15701737,-3.08723485,2.171383825,0.47879367,1.713945944
270,0.667452339,-0.93640319,-0.834526976,-0.633484148,0.455672091,0.465647736,-0.313136918
271,5.659587552,-7.194154122,-5.356526117,-1.146423786,0.772369445,0.416405467,0.514434287
272,2.025992956,-1.846270088,-1.20226281,0.393683037,-0.308582344,-0.526255148,0.759754703
273,1.58607657,0.266950103,0.225813096,-0.075678694,0.136477002,0.084834132,0.038632766
274,15.48678065,0.186916885,0.490033855,-0.934498871,0.891906139,0.516493413,0.17021671
275,1.49608048,-0.022317737,0.052079934,-0.090252193,0.377606714,0.087241893,-0.010396068
276,7.108957461,1.009994221,0.813562637,-1.175889479,1.279062625,1.143886617,0.347082479
277,6.51839956,-0.246686155,-0.424477835,-0.969589794,1.010773738,1.013765276,0.610164163
278,1.418570589,0.200067277,0.176899712,0.059195615,0.080852425,0.040879364,0.000779971
279,9.108479251,0.609578413,0.974436561,-0.002797445,0.251630389,0.301921607,-0.105448562
280,5.826970812,0.75141344,0.452040816,-1.096369325,0.931456434,0.847932511,-0.185200367
281,3.366668645,1.535442289,-0.676160394,1.731290054,-1.296976242,-0.361611598,0.014313714
282,28.59237254,66.74422409,42.27721773,27.14086493,-23.67562783,-4.02363617,-4.226681189
283,1.73543779,2.233004338,-0.271642145,0.186346419,0.273935861,0.490646347,0.534480707
284,2.366289303,6.645845868,4.249173793,2.330869679,-1.989274114,-0.202090475,-0.450145123
285,2.820462156,11.7863463,7.498108513,3.602900388,-3.08834424,0.003606332,-1.092020658
286,2.346372526,6.959176094,4.441983268,2.318216831,-1.99137175,-0.161734147,-0.595043344
287,7.469513154,29.03836677,18.50574465,10.07980456,-8.862089731,-0.746581918,-2.655120193
288,23.1362608,-1.079435275,-11.70820123,23.3768094,-20.02964393,-13.89761094,-0.904193139
289,6.516170872,5.014669513,3.216528827,6.363049369,-4.206692,-4.77505819,1.18572185
290,9.195949696,0.77807563,0.210837082,-0.393397841,0.352246984,0.471630668,0.094878426
291,5.890844734,0.968109602,0.769647076,-0.632380582,0.598974465,0.690537656,0.29884269
292,3.422027414,0.411015204,0.254742777,-0.169818359,0.134481404,0.366110275,0.212561343
293,1.804411564,0.374566374,0.33390031,-0.093503683,0.107893737,0.119834979,0.083321204
294,2.032671536,0.111336018,0.049858035,0.125716989,-0.015922256,-0.022495091,0.016032349
295,13.64131158,-0.154771232,-0.507132381,-0.718958186,1.271732164,0.947487505,0.060208331
296,0.958778164,-0.00674538,0.068336442,-0.050581881,0.068940771,-0.004803498,0.096914686
297,22.13185109,2.454833559,2.216017462,-1.814230482,1.670767005,2.123738252,-0.090554671
298,2.056544522,-0.313049182,-0.60753728,0.363701581,-0.271333084,-0.031004685,0.093408051
299,2.488391032,0.32456579,0.25408666,-0.451558701,0.38522208,0.403314689,0.233526411
300,2.331828771,0.409387094,0.201268087,-0.293719014,0.242356014,0.378439243,0.282577299
301,2.562093045,0.227393664,0.001838274,-0.181979362,0.09165384,0.304094203,0.082825528
302,10.41699675,0.695329673,0.616609206,-0.058408044,0.112420708,0.459313103,0.097269716
303,1.555673348,-0.038749273,-0.021558694,0.264568915,-0.201921231,-0.149775955,-0.18583806
304,-3.021960246,17.23518769,7.716982584,-17.74720097,14.52111513,17.19052245,-12.46538606
305,12.93525989,3.689760911,1.140033762,-4.081813874,3.811021818,4.133963676,0.683096819
306,16.0842744,-10.7014491,-2.737643184,20.11954257,-15.18915485,-18.37606529,19.88109343
307,5.441883278,6.277004834,3.959265284,-1.913926558,2.301482655,2.346085353,0.240498069
308,6.158896271,-3.930236369,-1.528110781,5.504211208,-4.357102802,-5.154797907,5.341852297
309,3.198693955,-2.621124151,-1.188113541,2.822372831,-2.260839237,-2.679800025,2.827422385
310,6.699818342,-1.825516686,-0.633477018,3.035495431,-2.309838013,-2.797583183,4.831746764
311,1.462501994,0.092484868,-0.000381896,-0.154838122,0.133823915,0.178470337,0.033478492
312,58.42414513,-5.351179049,-5.339944619,4.48259842,-1.737067077,-1.646740254,-0.968864609
313,0.690488249,0.328566091,0.717868143,0.648135186,-0.358915197,-0.341559156,-0.17493091
314,1.440760942,0.215219724,0.097376011,-0.064427734,0.13858259,0.138591505,0.068564273
315,6.078490473,0.491324161,0.421246784,-0.796655936,0.59077979,0.657367461,0.215447225
316,1.11676285,-0.020368789,-0.045955873,-0.098333542,0.151321791,0.112862668,0.035308304
317,3.047103394,0.260915613,0.235278744,0.087740511,0.114929891,0.045990671,0.193656395
318,2.423860869,0.082611825,0.00424555,-0.269524192,0.296026618,0.141599315,-0.106239765
319,7.378580389,0.729601443,0.42742583,-1.191392478,1.310445007,1.486533136,0.124529332
320,1.232842978,0.164290421,0.179721208,-0.045478332,0.006264967,0.104828899,-0.023106328
321,3.023308467,0.155983396,-0.012757557,0.170210662,-0.050339842,0.003364572,0.143565139
322,10.21258546,0.16753015,0.521001265,0.098845563,-0.06266886,0.11455168,0.417903454
323,29.85430816,0.578562908,-0.381326913,6.473732338,-4.864275827,-1.485916947,-0.18237191
324,63.7373327,17.2539181,8.690638679,0.562266893,-9.875680377,-7.37385773,-6.639834768
325,-0.85387333,-0.967629221,-1.163685042,-1.775221412,2.084250053,1.189032575,1.032968414
326,2.112982742,0.193638787,0.108889546,0.074180859,-0.05068706,-0.134543171,0.030685988
327,2.223278032,0.146567945,0.108100154,-0.023013664,0.148549106,0.059496612,0.052061674
328,6.417284093,-0.949747406,-0.819841703,0.599131708,0.105175137,-0.138098111,0.104795542
329,3.434098491,0.033258746,0.001537559,0.181943538,-0.172285408,-0.095226464,-0.158033277
330,8.437400012,0.278041157,-0.055155499,-0.504832186,0.489456839,0.892405308,0.250104181
331,3.051571031,0.338806139,0.39630006,0.272541877,-0.000383215,-0.155011322,0.084507207
332,2.544723365,0.093566338,0.102394507,0.11377929,-0.015658749,0.019545045,0.046789041
333,2.698078655,0.263065325,0.103134678,-0.107080745,0.124307678,0.099919412,0.099614355
334,1.918091391,0.033330107,-0.078117848,0.008306006,0.050899687,0.065188629,0.039345071
335,3.079791683,-0.103173433,-0.161949558,0.004727317,-0.065994271,0.068976541,0.181486719
336,4.777581189,-0.42893009,-0.534882177,0.719437381,-0.217019532,-0.433646596,-0.070380961
337,2.696482104,0.240511898,0.18467845,0.371540697,-0.196343565,-0.240373362,-0.105746234
338,-12.03908675,3.903723421,-4.321061372,-7.721947373,6.677441111,7.648458577,-14.16478751
339,3.226052257,2.807287946,2.304084176,0.394101727,0.699598744,-0.209284626,2.724473614
340,37.32470251,20.82661519,22.3231606,10.70298054,1.334199442,-9.819574075,36.40682525
341,5.733882796,3.383698149,3.358730914,1.595338832,0.109009375,-1.471815731,4.359068848
342,31.78725032,17.53031421,19.1649429,9.460605897,1.033160936,-8.757766028,31.82399007
343,29.59244129,16.06460769,14.60026785,7.479485933,1.336033858,-4.750871162,25.88599238
344,33.63151354,22.61862191,21.75908641,11.67600886,1.697597073,-8.859568942,38.07882142
345,2.260374801,0.997078743,0.935807693,0.349385011,0.428049592,-0.232202119,2.305640874
346,145.8331123,75.88190075,84.74237663,41.61110139,5.503401571,-39.62171496,144.4944108
347,0.309384106,1.778571645,-1.421345736,0.618138139,-0.384726671,1.58444434,-0.698452446
348,371.2009356,200.3192661,221.8620656,108.6412175,11.64227678,-102.1050961,368.20135
349,1.090875983,1.203955804,-0.014559148,0.563285881,-0.259141351,0.343034148,-0.008108847
350,117.7236537,63.6090161,70.25524947,34.59207242,3.590593236,-32.3863981,116.6535017
351,-0.016970599,0.891951563,1.197342355,0.707026012,0.064942259,-0.939289357,1.278528386
352,163.125631,87.7067355,96.87327588,46.84837272,6.052421697,-44.0538053,161.7565932
353,18.21646847,9.56818179,-2.587134248,4.135197733,2.658621165,4.781710194,18.39087493
354,2.347922905,1.050270259,1.110664345,0.847715396,0.065135638,-0.785106756,2.399778093
355,142.1672585,77.07527177,85.15411854,43.3508561,3.875444086,-40.0916967,143.6910041
356,-0.564196263,-0.828043023,1.883425837,0.430901016,0.753075604,-2.232662533,1.775415397
357,252.7299552,136.3776133,150.8166771,76.01435285,6.830394006,-70.72198064,252.6321599
358,1.007923738,0.378960355,0.742423289,-0.801408517,2.259104535,0.452313194,3.100977537
359,83.26639976,41.30638279,46.94133057,23.82943939,2.76026805,-22.34857525,81.98986786
360,-0.744405007,-0.020283582,1.955161672,-1.492454446,2.318492964,-0.215018444,2.086312956
361,133.1554666,69.57714658,78.05424245,39.14753672,4.298557927,-36.95152199,133.0418232
362,0.120319547,1.016395139,0.500372699,1.255572059,-0.684460595,-0.600906202,0.883223623
363,283.1646807,149.5532276,167.0865108,82.95537362,8.316224398,-78.35015161,279.033722
364,-0.611989294,1.464684176,-1.217151363,1.614518121,-1.194813815,0.57467015,-1.452850338
365,486.1668516,264.2858277,292.6193377,143.2984597,14.69784304,-134.4796539,483.1740435
366,0.247428284,-0.431494139,-0.268618557,0.277882895,-0.088268553,-0.290755787,-0.539575478
367,1844.27615,1006.797245,1112.709601,544.5997842,54.67873321,-510.0359997,1831.687548
368,1.306483443,-0.058667215,1.221217514,0.749119605,-2.35888744,2.280069232,0.53497265
369,34.72909152,-16.37352243,-30.6221078,36.25979361,-29.31514836,-22.9055457,1.455779117
370,0.077201985,1.376313708,0.803871876,0.06262236,-0.190986753,0.411957326,-0.251247064
371,628.0761505,2189.263888,1398.508332,1248.385061,-1133.959043,-356.5754155,-77.50107408
372,-0.244782019,2.172812914,-0.345518543,2.164560977,0.741557621,2.128147439,0.277879819
373,0.339806785,-1.365647504,-0.688206563,1.928284388,-1.538589872,-2.113391644,-1.247972637
374,0.418382604,-5.826831139,-3.116662395,3.901460976,-3.505659157,-4.131509508,-2.666014126
375,3.079211309,-6.229266112,-3.141627965,4.647483559,-4.000820927,-4.66479564,-2.004319733
376,1.663824796,-1.0199557,-0.598001142,0.973591383,-0.818593806,-1.125826154,-0.756289549
377,2.698912945,2.060611317,0.965704608,0.606937871,-0.147707033,-0.89400076,-0.24742396
378,8.939612386,6.228392011,2.016664446,2.842426302,-0.837897406,-3.818791132,-1.741668513
379,0.469819935,-0.087937354,-0.129039568,0.608578206,-0.416926383,-0.701447909,-0.559727352
380,2.260835802,4.492354802,1.889074507,-0.459848805,1.006454351,0.183037085,-0.299950406
381,3.095332675,4.990736201,2.163402696,-0.989569688,1.451150418,0.578716337,-0.191466715
382,126.7567885,397.764941,185.9946845,-82.83267206,111.6493529,60.98355741,8.6138293
383,-1.266628674,-1.449492211,-1.343067487,0.743209565,-0.110444207,-1.104425177,-0.402973945
384,15.29961301,51.44688958,24.29358214,-7.303774416,12.01866327,4.615971112,1.342953501
385,2.376197216,-5.694605125,-4.363406163,1.371818442,-1.385832656,-1.278370186,-0.38625083
386,21.30549533,60.45823361,29.34135901,-5.096978154,11.48388753,1.968886269,0.857180635
387,4.819967963,-5.717752872,-4.448600889,3.132018269,-2.17439409,-2.742524813,-1.586461929
388,57.01739848,167.1173813,76.18171757,-27.43077985,42.13300753,19.02327748,-2.231705555
389,-0.664974046,4.04719897,-4.946139991,-1.262245441,3.113676841,-1.393784481,0.101684362
390,10.99332084,-213.315028,-124.7838622,31.67735109,-46.3414941,-22.88394526,-18.55594826
391,10.4347736,-15.3230774,-0.095117467,10.86614232,-11.59746998,4.000519565,-7.094150259
392,-0.292088789,-0.25423941,-0.419799148,0.066889146,-0.027464112,-0.104458816,-0.263216225
393,6.56499281,19.0565842,9.018838096,-4.398743358,5.761094603,3.575101393,1.19915228
394,0.881861186,1.943538978,0.89121189,-0.533128609,0.626079037,0.4537804,-0.131760293
395,1.933845469,6.960095026,3.382565931,-1.144142678,1.667352429,0.830673026,-0.708192199
396,70.40442667,199.3296203,89.98219222,-32.63304997,49.62148521,21.01184926,-12.75733866
397,1.774102149,4.53065654,-10.47173662,1.958238453,3.379786795,-8.517774058,0.86788234
398,-3.339249076,-8.946862843,-13.09031339,0.977734251,-0.522412549,-1.632531612,-3.074102357
399,0.027774641,-15.18860129,-9.426623495,3.114021419,-3.939879171,-2.544673699,-2.056354219
400,-3.311784726,-59.59830769,-33.533749,9.49312779,-13.71285412,-7.073451835,-3.473435076
401,1.946955065,-2.461768994,-4.60025763,1.726376507,-0.946110094,-2.264435487,-2.87907925
402,9.272173899,45.00839555,22.62000638,-6.160918481,10.17372423,3.820597835,1.331919502
403,2.332498644,-156.3060679,-100.1498604,32.85604083,-38.76584561,-29.78020363,-17.81836832
404,-1.538566643,-1.971374442,-0.766347844,1.552568791,-2.366612121,1.253209034,0.898821225
405,6.04361116,49.49277625,25.78476202,-7.435253758,11.49552326,5.258542023,1.786187354
406,0.453100092,-2.752079784,-2.018598079,0.740710801,-0.749298092,-0.749485345,-0.468617464
407,12.71211595,47.54777429,23.19884977,-6.303837341,10.86000659,3.982005113,0.283433747
408,-0.076996246,-2.639274049,-1.766838408,1.389500692,-1.152157483,-1.337495278,-0.541046511
409,7.376542766,23.51287412,11.66881014,-3.710054828,5.795692716,2.527188357,1.189704906
410,15.90673799,91.19458562,45.57398962,-14.60454732,22.33072774,9.941492224,3.366530652
411,-1.246801979,-6.816875674,-6.663523689,3.486334682,-2.051122595,-3.293533776,-2.696840297
412,10.70869712,42.19212325,20.4477645,-8.471315315,11.73170881,6.369809168,1.832393557
413,3.087097378,-42.68401987,-24.77288001,5.004200532,-8.233317294,-3.630989545,-0.831843424
414,0.385725165,-2.025866755,-1.552643178,0.541717827,-0.349659256,-0.541665901,-0.446852864
415,3.832276154,16.60219825,8.576729237,-2.780740803,4.167150598,2.007779956,0.599451168
416,9.11131513,32.8127417,16.53341045,-6.132683191,8.776856786,4.532630321,1.566823718
417,-0.598835544,-33.88054295,-18.49450894,5.116411226,-7.515396201,-3.709607762,-1.213756979
418,0.370441225,-6.160153481,-4.514372165,2.185775444,-1.751546802,-2.208025585,-0.513491833
419,10.81060684,50.26300268,25.48976268,-7.443584377,11.94684794,4.822999204,2.423155631
420,0.709833225,-3.095138233,-1.951199148,0.690695183,-0.710872502,-0.59123995,0.026324847
421,3.143045497,12.2866811,6.257645007,-1.703602892,2.851719478,1.090261889,0.677056131
422,80.82010509,258.2020515,124.3336898,-50.24440936,72.14395702,36.76356674,21.02911502
423,1.680356557,-5.812500165,10.49858356,-4.662596986,10.5747227,-6.138839303,-3.22690763
424,0.168207117,1.613758638,-4.743912515,0.915801173,1.362895202,-3.533844494,0.646708879
425,-0.181641401,-26.18239998,-14.68631697,3.782341305,-5.65953531,-2.730386731,-0.252413902
426,1.657262993,-5.993847431,-3.81921095,1.36090376,-1.539365916,-1.236380815,-0.456034943
427,5.747805358,35.15553974,18.16401902,-4.365711716,7.662876675,2.78156278,1.988171418
428,-0.669721479,-23.53376468,-13.15395428,3.741573358,-5.332191892,-2.761502179,-0.446683969
429,3.368270749,-13.83437839,-9.203267334,2.053122909,-2.589503956,-1.757856296,0.434031384
430,-2.544909212,-36.99611864,-20.05810871,5.615668201,-8.417853898,-4.055915418,-1.038759148
431,3.299343762,-7.631394363,-5.671812614,2.934280525,-2.570485769,-3.173591245,0.923560002
432,11.43128485,87.59889476,45.8833315,-13.16552518,20.37725282,9.223756377,3.843581581
433,0.50406242,-1.321186626,-3.210497555,0.218403584,0.432054489,-0.621344708,0.546944584
434,9.331040022,27.03934896,12.88015953,-4.601650792,7.032106361,3.219014979,2.551589731
435,23.82923777,104.4523229,53.03801434,-16.28238637,25.16801554,11.24954799,7.334187072
436,0.352456914,-0.351851003,-1.566113499,-0.302882202,0.567410885,0.065536756,0.323092675
437,11.67856821,34.88869763,16.34043901,-6.45279358,9.494466912,4.545490759,3.694467857
438,80.27784063,558.4210263,290.8878667,-84.21688845,130.8840188,58.70500709,29.9640179
439,-0.86705188,-0.76437296,1.67325867,-0.072357487,1.319611427,-1.51233438,-1.129138287
440,0.56888671,-34.83721003,-19.75466104,4.629383155,-7.264693475,-3.419879721,-0.39527059
441,1.249813684,-3.174935361,-2.465366866,0.596357862,-0.540616267,-0.585228637,0.249261885
442,3.88865077,12.57548896,6.13057001,-2.126308509,3.24009896,1.481158143,1.102583157
443,180.0307498,506.7147945,226.2651827,-106.5494044,150.1228927,80.22291847,55.82594665
444,-1.462477891,-0.332101397,0.387417951,0.269328454,-3.343428885,0.163539691,-2.008116513
445,-1.718488968,-739.2158185,-415.9491915,118.674886,-170.0627761,-93.42192736,-18.00784909
446,-0.204528383,-0.447761017,-0.917769033,0.599886112,-0.452246687,0.532561376,-0.407415305
447,18.01006774,66.19414288,31.7123205,-9.457299148,15.86718581,6.08907125,5.255411805
448,3.884904208,-5.673050695,-6.163641424,1.967138529,-1.054798126,-2.301032458,1.320074476
449,5.135714901,29.13432642,14.98794428,-4.481859134,6.88915812,3.056984714,1.685199339
450,462.0687093,4502.246261,2397.182084,-673.5520467,1033.173117,476.4400824,178.9474715
451,-1.544561702,1.209114281,-1.069738569,-1.918892411,0.727335688,-0.912935206,-0.720890479
452,2.638324927,-34.58448071,-21.02111782,5.723411798,-7.649000358,-4.880714138,0.100020405
453,1.344178474,-6.862597202,-7.003223241,0.844504069,-0.709358578,-1.183682906,1.797663095
454,-419.8274827,-4618.09776,-2474.019155,693.2052646,-1056.428295,-493.5446603,-164.5215308
455,0.036064593,0.725727743,-0.751695337,-0.346384709,-1.767291057,-1.017496277,0.330192539
456,1.878786481,-73.97090944,-47.03778526,16.21985413,-17.98534122,-14.13202009,3.61937306
457,0.098540663,0.17678107,-1.597662443,0.318846239,0.151373042,-0.838351126,0.303456222
458,3.816588048,15.05444359,7.476783241,-2.466250109,3.77293699,1.762422506,1.221813601
459,47.37947089,116.1594113,54.46670679,-24.26088107,33.57335771,18.38611783,15.12276664
460,2.157627678,-0.101160266,-2.311464956,1.981921321,-0.419836615,-2.418151881,0.675994956
461,8.439193806,34.90557744,17.54157008,-6.206297731,8.944216763,4.59324433,3.202025376
462,7.815153835,48.40545158,25.02662147,-7.540948422,11.55076226,5.393350738,3.064643551
463,0.106638775,-39.7713639,-22.90938383,6.547793077,-9.13147857,-5.141938707,-0.610416994
464,14.15112002,-27.50231747,-25.39717084,11.80276641,-8.465787129,-14.14219032,6.718870267
465,1.486537769,-4.662155789,-7.741419947,1.276515871,0.241393005,-2.111748139,2.695161704
466,1.93200934,-114.4690089,-64.68425137,16.45409491,-24.90508937,-12.38733127,-0.251875004
467,2.989910864,4.158695099,-23.61949717,4.939579834,5.80418065,-14.78391759,7.417807177
468,0.45046484,1.345017247,-4.152968794,0.410301437,1.539532446,-2.270367561,1.648012948
469,18.33761603,147.4166299,77.5778363,-22.28477063,34.28040644,15.71347581,7.044790718
470,1.040593369,-0.39047015,-3.836448467,0.348169564,0.782677724,-1.616493294,0.804533032
471,46.84265943,307.35485,161.8363633,-47.74799112,72.46600899,34.49067945,17.10143615
472,-0.067759835,-0.180883171,-1.754311091,0.459204164,2.878024517,-0.01967231,1.292559593
473,253.0514522,143.4230581,81.13658969,21.42727807,-33.18672135,-31.56143812,16.01933609
474,-0.364035939,0.355635282,0.32408198,0.137864049,-0.374534296,-0.29275071,-0.28299295
475,3.364059579,2.204576773,1.007693278,0.420899118,-0.219381971,-0.214350249,-0.404373608
476,1.62704135,1.112681749,0.557098425,-0.007435334,-0.029613319,0.018048334,0.089774936
477,2.023332127,1.647859724,1.00018576,0.139220181,-0.15261823,-0.067151321,0.143739106
478,3.145300343,2.488140166,1.471218093,0.215558766,-0.166176937,-0.108741965,0.318208646
479,1.070341689,0.062157545,-0.129756129,-0.561421867,0.647559993,0.635532577,0.93828269
480,7.830381191,1.771990288,1.425217645,-2.171704109,2.070865946,2.452173185,1.953722985
481,23.10180968,6.382542292,4.900198052,-4.517580127,4.569089189,5.352876457,6.650122317
482,2.85353397,1.142033773,0.88203297,-0.929970099,0.936551656,1.214553979,1.071313364
483,5.570905371,1.041398559,0.840017279,-1.042848345,1.006597651,1.266383884,1.182724218
484,7.299971351,3.295929291,2.072738522,-2.031569107,1.967134188,2.415395073,1.935911101
485,1.44936989,0.512143786,0.306570145,-0.263279819,0.261175109,0.309025578,0.332636216
486,2.211735784,0.930293111,0.582184904,-0.460993453,0.500565367,0.567357329,0.46956464
487,1.577835481,0.612074529,0.410584373,-0.158440373,0.208710962,0.206174328,0.203690415
488,1.928316457,1.687413876,1.053342104,-0.458525157,0.531838314,0.680664505,0.520997014
489,11.42668994,8.244479267,5.248827512,-1.363367939,2.449108837,2.718092348,4.358225517
490,2.1117331,0.987028902,0.476368069,-0.311156316,0.340437257,0.403246113,0.329276956
491,10.44958523,5.227548509,2.581637468,-1.157982151,1.54796313,1.865817145,3.000284043
492,9.765303526,6.654203376,4.096897046,-1.296385962,1.78846415,2.227687855,3.437833538
493,75.06862977,38.63716366,19.0346542,-1.249959272,6.959872842,7.947484578,22.15539337
494,0.015968847,-0.449106918,-0.80030385,0.456468889,-0.173782737,-0.520821432,0.835479252
495,30.14415224,6.710277586,1.977234283,1.882995729,-0.601155602,-0.483043358,4.774884219
496,3.232153879,5.177765573,2.154096875,-0.250251475,0.898402718,0.709222119,1.034190542
497,-283.378359,443.1221842,-167.3575375,752.5098486,-670.3173603,91.36943327,128.6736933
498,1.368652649,0.637561195,0.065326219,-0.415506714,-0.767591177,0.379796821,-0.183092024
499,1.117167094,0.178288996,0.027910473,0.089589249,0.007270558,-0.069421839,0.042143673
500,3.599410963,0.095536489,-0.139181579,0.008023997,-0.107775305,0.138010146,0.266173656
501,10.14383303,-0.209622605,-1.186577374,1.633248515,-0.613918276,-0.908478696,0.087471715
502,2.711461092,0.386859545,-0.133353025,-0.037128012,0.195099113,0.297673585,0.268715641
503,4.090590579,0.713913753,-0.046750519,-0.007827852,0.083723144,-0.036423789,0.114235541
504,133.2638006,0.731774387,-10.72916162,-1.589889834,4.179173117,-1.174461466,-1.317573626
505,5.262479263,3.842845117,1.24567953,-20.18074356,5.332437014,-19.53851337,-4.963726132
506,-0.53577279,-0.00960161,0.301594207,-0.087813049,-0.201468551,0.538984062,0.726008705
507,5.33108011,-0.613288746,-0.562837711,0.735672758,-0.638464975,-0.802846273,-0.086171821
508,6.283458518,0.673727695,0.146905687,-0.587805934,0.53526077,0.567869087,0.227622818
509,0.878737179,0.057767109,0.029812091,0.017208465,-0.000729662,-0.00708115,0.007821735
510,35.22469355,-1.426112263,-2.59693303,1.913717249,1.019039951,-0.579674013,1.331068214
511,-0.407450282,-1.223628973,-0.999553181,1.194910271,-0.908362616,-1.08555152,-1.06234577
512,4.465456828,0.402691143,0.284697483,0.477748596,-0.114198942,-0.299414666,0.086375466
513,29.86266384,2.272184179,0.330099528,0.466164137,2.815908243,0.307406215,0.877878948
514,7.366145931,-0.252164727,-1.708244432,0.470422132,-0.745941775,0.598555253,-0.420481998
515,1.199220858,0.057572288,-0.013954013,0.022106672,-0.00759822,0.038366774,0.078728302
516,2.323655783,-0.115428819,-0.200902813,0.177782104,-0.100811186,-0.079537302,0.089465768
517,710.2878587,25.8823379,-61.49566205,110.2740814,-60.5103814,-68.8203328,18.43485299
518,2.062053886,0.513127417,3.395972523,-1.360986146,-2.582902469,0.621115538,2.661426246
519,0.462474334,0.024671958,0.056937887,0.25396877,-0.140190239,-0.205189448,0.198638008
520,3.723494721,1.095278112,0.389185274,0.628633455,-0.591885089,-0.22372452,-0.346321812
521,6.48106185,-1.37094634,-0.783759227,-0.736483387,-0.050705673,0.014174902,-0.026572275
522,4.241033637,1.626541623,2.208886087,1.094894783,-0.172906947,-1.559262827,0.235667119
523,2.590727965,-0.178050092,-0.283976708,0.417670918,-0.418693877,-0.385962342,0.060001822
524,5.343770425,0.014116788,-0.291465496,-0.274833402,0.31151227,0.090846149,0.105206691
525,3.543654119,0.338627859,0.39651618,0.286813796,-0.10114178,-0.098554843,0.280729041
526,1.683811101,-0.814678892,-0.809331467,1.160700269,0.30310434,1.408050569,0.642519305
527,1.154123612,-0.722646708,0.696845596,-0.442891639,-0.232326856,1.37436298,0.580271823
528,6.41925296,0.448847168,-0.215299959,-2.075426339,1.730420206,2.047189243,2.630014242
529,4.667549809,3.823013147,1.367349506,-3.639766107,3.182941336,3.832686703,2.524427854
530,3.154927253,1.719837362,0.578859283,-1.874871273,1.650118269,1.931697515,1.518472992
531,19.55211948,11.29044917,2.780821932,-17.50891745,14.95814265,17.60945579,12.53866172
532,108.6830736,345.1558547,111.0891914,-452.7571871,375.7373863,469.3544085,98.34366163
533,1.108361534,0.927634598,-0.353124176,-0.00943561,-0.806023182,0.643779714,-0.083573227
534,10.70069228,0.758490182,0.299708578,1.38448542,-0.9971773,-1.087575976,0.142643891
535,4.177234118,-0.168384371,-0.399814773,0.893363561,-0.6373368,-0.388280734,-0.102839624
536,5.097890759,-0.146320765,-0.227855413,0.371767513,-0.026029336,-0.26403893,0.127380017
537,3.309546914,-0.089546322,0.003166616,0.52794051,-0.366411515,-0.33256912,-0.083346045
538,3.429327344,0.68738971,0.335617699,0.833917303,-0.609261619,-0.452464705,0.041248179
539,7.63259825,0.708376011,0.404318315,0.912244054,-0.310617326,-0.339008731,-0.108835217
540,1.311661135,-0.088509492,-0.086915097,0.08767387,-0.128494687,-0.09774919,0.020167626
541,3.344816376,0.020010002,-0.099583285,0.128938122,0.058710644,-0.063011412,0.235798705
542,4.310192306,0.219631452,0.107532686,-0.183079068,0.085803257,0.156563415,0.200485302
543,5.072673452,0.389194346,0.191279355,0.262311164,-0.11965275,-0.23837328,0.097518199
544,-0.643220753,1.116909571,-0.309399396,1.411270991,-0.771633395,0.003413024,-0.169976386
545,-1.893310237,16.01940692,10.93647133,1.696984796,0.315145566,1.7441057,-0.888947759
546,4.360399812,7.739251346,6.806253225,5.26028209,-3.293635978,-4.09497685,4.790805285
547,8.642769512,10.319518,8.823099396,6.956820204,-4.337446272,-5.513368762,4.778656224
548,4.576912908,3.94974452,3.49200925,3.345056817,-2.035697785,-2.535646446,1.836849919
549,2.652985831,4.073494655,3.606316371,2.774575854,-1.764911547,-2.16095454,1.206336197
550,-8.63754434,8.689566058,-14.61687224,22.82947201,-15.57862835,-8.148626612,5.57779453
551,-1.497516148,2.167972936,-3.369682693,9.552132387,-4.847042277,-4.002299788,1.862547172
552,-3.253415219,2.678990563,-3.399043509,8.861737883,-5.615090912,-3.970678972,1.844175794
553,0.152064046,1.721909077,-3.462544997,7.100856698,-4.688591784,-3.121310364,1.173206286
554,-14.88452094,21.27016372,-30.98578949,64.90118843,-37.04216832,-24.2528139,15.43094855
555,2.996770722,-0.172415873,-0.583634294,0.324766592,-0.343755892,-0.249894541,-0.172323239
556,17.83936381,-0.384497276,-1.099519351,2.255693382,-1.438127583,-1.524920614,1.216353582
557,0.643405476,0.018047937,-0.082185575,0.310357734,-0.367915504,-0.148039705,0.009767366
558,0.067646391,0.533840571,-0.324782789,0.694885505,-0.36582133,-0.179243318,-1.234918272
559,0.289982421,0.445289193,-0.205754616,-0.048224006,-0.073313083,0.271054078,-1.455214036
560,2.255555854,0.713767167,-0.696365841,1.02898044,-1.001654971,-0.308587399,-3.185175195
561,17.72665858,-1.215920051,-2.374361876,4.28657916,-2.987756606,-3.640890518,0.372928398
562,2.126428302,0.073896009,-0.084524924,-0.432912033,0.619664321,0.407979405,0.501869366
563,8.325278153,0.359748366,-0.327745285,0.597260265,-0.071508823,-0.151437837,0.702246497
564,16.11959079,2.850564915,2.510033863,-0.194387951,1.536116196,1.187350403,1.230562064
565,5.438181834,1.3274314,1.314013539,1.201413111,-0.797942637,-0.837314106,-0.209876483
566,5.080198929,0.312891388,-0.023105487,0.423343034,-0.208733981,-0.099103408,0.570724352
567,30.696514,1.149762298,-1.57474196,2.523934291,-1.119993354,-0.891444592,2.377343778
568,1.530338246,-0.53946213,-0.347381682,-0.219369319,0.087258982,-0.063126324,-0.162631124
569,29.75876943,-0.154692672,-1.896843853,-0.320081463,0.959554495,2.940546973,1.834548988
570,22.87300323,1.3340404,6.728636702,0.365660471,-0.256922569,-0.145864307,2.669352391
571,1.398130208,0.427502016,0.557244622,1.395629526,-1.269386365,-1.363611731,-0.979504808
572,3.410366961,1.838606364,0.955274524,-1.699523209,2.303072074,2.45824231,5.578700035
573,-40.96580268,-78.65237528,-16.80614963,127.2003912,-104.6855166,-129.9529978,-39.8407975
574,2.333979351,1.636712719,1.099585257,-0.134720606,-0.149886076,-0.377780635,3.709837933
575,2.854267842,-1.860000076,0.957310623,7.513444516,-5.462378438,-7.087559285,1.803261076
576,-2.296136737,-9.145937532,0.183617312,21.51810914,-16.5454238,-20.97331467,-0.585003172
577,2.301107289,-11.24364566,-2.013032462,17.93879301,-14.35797572,-18.00381525,-0.171753244
578,6.319857396,-1.12929172,1.061577359,5.841588484,-3.942799965,-5.116751336,4.922414038
579,-3.459945874,-10.95031459,-2.039917655,18.51422828,-15.12798988,-18.79861336,-4.211351674
580,2.407294067,-0.463431311,0.397626167,2.564647847,-1.731926882,-2.332874505,1.445850424
581,5.035384374,0.293710841,0.1672977,0.674214878,-0.404587386,-0.3765392,0.440631477
582,1.622962839,-0.161153367,-0.261664839,0.361398554,-0.237920596,-0.22621626,0.069772688
583,11.09114425,-0.597366667,-0.908337317,0.836630668,-0.139885486,-0.605797376,0.624324951
584,16.25857437,2.633334071,1.95004853,4.000801877,-2.705776936,-2.738977231,1.45407833
585,5.141241317,0.052056809,0.241825402,-0.2981424,0.283908898,0.095745257,-0.388749081
586,9.730277018,0.541895348,0.313409411,1.197647782,-1.233745338,-0.797249851,0.772046193
587,5.858864455,0.026249806,0.178912146,0.996441419,-0.527785831,-0.628005918,0.269766178
588,1.067991017,0.00154825,0.016167099,0.123697257,-0.055567253,-0.070382725,0.026069656
589,2.217079436,0.135411936,0.080400514,-0.046431648,0.076101906,0.152393951,0.147127615
590,4.896648565,-0.242312993,-0.085900009,0.654378642,-0.250588177,-0.446255556,0.036776488
591,7.599011723,0.171507995,0.111094731,0.666765929,-0.259071201,-0.410069035,0.080723917
592,6.991450827,0.569000336,0.083390741,0.465267518,-0.344402857,-0.207692007,0.145184899
593,-1.703693915,-2.817318661,2.022427529,1.994039172,-0.966892593,-2.393340166,-1.214577767
594,-4.384334414,-5.089785428,6.163797856,5.655355533,-2.60742262,-6.242333069,-2.641823095
595,-2.646583491,-1.479007016,3.363991928,2.360245601,-1.014836836,-2.559851977,-1.106307103
596,-133.5485353,263.0384805,197.2350108,242.3632233,-186.3482318,-217.7196704,-258.801068
597,-1.93972616,-7.700877947,10.74310588,0.711535414,6.433188589,-3.519972558,-3.120286628
598,-1.055051895,3.567484766,-5.034090217,2.113949867,8.704673374,-11.75707613,1.512186807
599,-0.069483732,-0.708481682,-0.326300759,0.302163104,-0.075119066,-0.319057127,0.003326672
600,2.314107143,0.214572821,-0.028302262,-0.347207468,0.389793583,0.551568463,0.218606415
601,0.046871016,0.039807269,0.03498596,0.093795979,-0.074197542,0.039206349,0.117036705
602,5.719752308,2.469161215,0.784451428,2.293802845,-0.370457349,0.230504501,2.058053105
603,2.417558254,-0.108375454,-0.351091652,0.617119841,-0.570891343,-0.544832777,0.116338915
604,2.855371863,-0.026499844,-0.105407678,0.031687768,-0.10364577,0.085005803,0.080905367
605,9.424633324,-0.284585,0.088579257,1.214285685,-1.107391624,-1.269190462,0.315046534
606,8.390720977,-0.220133777,-1.089385087,0.863937983,-0.416294885,-0.191541824,1.083202714
607,1.648788339,-0.166236665,-0.142454267,0.237544807,-0.135803202,-0.125748956,0.111538973
608,3.420831183,-0.185765062,-0.188816437,0.337433353,-0.241930671,-0.163037568,0.152099896
609,1.011386458,-0.087812027,0.031024481,0.626342495,-0.353489767,-0.482506693,0.282520746
610,0.372675517,0.486309435,0.278535456,-0.335595676,0.489632834,0.419588127,0.642777778
611,2.997922043,0.373358204,0.564280505,0.242439633,-0.167880591,-0.476954036,0.511635116
612,1.273949304,-0.161718988,-0.649237051,1.054100534,-0.545106013,-0.343552968,-0.049834327
613,19.07194564,31.34875738,10.57896684,19.46396453,-7.280370608,-4.298481866,15.85456819
614,-0.081600094,0.1922479,0.433587565,-0.02694642,-0.069860986,0.092023966,-0.062509318
615,6.773320093,0.645815748,0.980680189,0.142516344,-0.419177975,-0.233498622,0.858555717
616,1.681990076,0.00887029,-0.003246566,0.330713562,-0.025275855,-0.136374654,0.018756307
617,2.016560434,0.196417945,0.185607996,0.055479713,0.04387513,-0.021997811,0.101586212
618,1.539221959,-0.133151683,-0.113717743,0.034448665,0.069002306,-0.040668424,0.117659797
619,1.458214944,-0.008017153,-0.023294746,0.034425442,-0.02988887,-0.074949781,-0.048356128
620,2.341580838,-0.200719204,-0.12513905,0.265436481,-0.135619728,-0.108114589,0.006755233
621,9.554572935,2.283064422,1.294017764,-1.251081299,1.659941501,1.258437377,-0.512824535
622,1.401083643,-0.020193109,-0.069507103,0.154819357,-0.257341658,-0.046676132,-0.007551893
623,5.978608958,0.551312912,0.328300511,-0.020158772,0.222292774,0.210400004,0.426868583
624,4.513754434,-0.264937757,-0.019349132,0.970020562,-0.414309516,-0.375338527,0.563502454
625,1.484260938,-0.034407587,-0.163301662,0.392208696,-0.264413319,-0.198018159,0.09202823
626,4.423858388,0.229104871,-0.165847996,0.919078443,-0.510781334,-0.449737289,-0.024722818
627,5.6358477,0.560125823,-0.05662744,0.799066669,-0.856908803,-0.22510385,-0.281044488
628,6.956617046,0.749913275,0.449377,0.782963496,-0.237910384,-0.338591983,1.258054687
629,49.50782048,2.647159544,4.108081915,-0.941759479,-2.172611279,0.447809651,1.493624396
630,0.838660608,-0.204421701,-0.656189967,0.28484058,0.038457179,-0.027875362,0.484460765
631,6.482716485,0.552040031,0.315009082,0.591019266,-0.441175229,-0.468756414,0.562103674
632,37.50339139,-1.297353216,-2.774098772,5.091050306,-3.643869719,-1.757613368,2.509044975
633,-0.306320034,0.398637391,0.37053853,0.008356064,0.261194739,0.116174784,-0.029516516
634,10.35111932,0.194133945,1.134551421,1.881502654,-1.742278366,-1.274029891,1.561162576
635,3.243821382,-0.790981203,-0.318311473,-0.269772067,0.233248199,-0.042340304,0.754861854
636,11.91835,0.952628184,0.774973923,0.66457696,0.037112072,-0.512656685,2.310420676
637,5.046812693,1.061010418,0.439019806,0.743927841,-0.61090394,-0.160523996,0.043849963
638,2.069648278,0.085590758,0.190862577,0.326278124,-0.237244493,-0.283296171,0.186980736
639,3.818963248,0.673601812,0.206836394,0.422161375,-0.440638459,-0.03902173,0.278664267
640,14.17819334,1.501370423,1.465057806,2.493449633,-1.230058455,-1.647629627,0.13077217
641,1.18797211,0.254956041,-0.169867677,0.724451564,-0.617786642,-0.279965307,0.124943805
642,5.628371905,0.744245686,0.342455428,0.266353907,-0.157042095,0.289055521,0.270264937
643,2.103435303,0.480558828,0.087211849,0.634333856,-0.447997649,-0.249329881,0.228791955
644,2.628610398,0.242144,0.087381339,0.246009995,-0.125857983,-0.094881425,0.329830853
645,2.838629544,-0.103882961,-0.162139551,0.010777635,0.188892161,-0.01130095,0.259073967
646,1.884190228,-0.086239863,-0.107747876,0.265936838,-0.180740775,-0.173524684,0.157337772
647,2.135978317,-0.165021355,-0.239269238,0.467624313,-0.308966388,-0.223019663,0.104899977
648,2.358236388,-0.001278039,-0.101395917,0.173315301,-0.07027275,-0.034743854,0.119743159
649,52.2046152,1.92289347,2.165276223,5.954685984,-4.700603981,-6.111259068,5.511744657
650,1.398636098,0.850741294,-0.034108837,-0.064559458,-1.39437079,-0.035220868,0.919443344
651,0.985522629,-1.502323901,-0.700675703,1.270886106,-0.999724907,-1.205416913,0.985351634
652,2.783134397,-4.445500426,-2.300991258,2.766170204,-2.199790878,-2.679987836,2.433504578
653,113.0392346,-235.4558776,-123.7778364,125.0779649,-102.9187705,-124.3276925,89.16079023
654,0.186652156,-0.450198965,-0.044982942,0.854263778,-1.761110898,2.079654333,-0.661625436
655,62.85145241,-329.172477,-174.3003326,149.7320166,-126.3653011,-163.6301885,57.67863347
656,-0.852541455,0.846901578,-0.111098014,-0.689528556,-0.996482356,2.131828211,0.329668524
657,12.80339088,-36.34772655,-19.88266983,18.5205862,-15.96395764,-19.14011444,11.04537129
658,27.57052107,122.7985775,52.97728794,-95.10653547,80.70672785,106.7796991,65.36468386
659,0.170589797,-1.248530402,0.229730168,-0.516247482,-0.331317509,0.477691374,-0.533249542
660,3.151324324,-4.717782301,-2.439890194,3.432788721,-2.86627265,-3.258094911,2.431397347
661,3.073513828,-5.644153326,-2.78508205,4.819090487,-3.963263393,-4.62004189,3.005674326
662,2.856308717,-5.67194392,-2.562987669,5.373562041,-4.29915222,-5.102620093,3.359747691
663,3.081104228,-6.349830052,-2.837167122,6.11396357,-4.944776744,-5.867611503,3.637833897
664,5.687339157,-13.627093,-7.227233802,7.954950038,-6.768840768,-8.103533881,3.694937379
665,11.15715436,-29.61276261,-14.64000958,23.2932424,-18.52275194,-22.40585675,14.60735557
666,345.5367974,2970.82488,1383.008582,-1846.809808,1583.723122,2108.173659,892.4789622
667,-0.653423081,4.180429856,-3.635725745,-1.639725159,-0.248077235,-0.315598606,-6.919829123
668,3.892611662,-13.01184518,-6.552933522,8.791226724,-7.290079368,-8.777199576,4.953007055
669,3.38448954,-15.27665003,-7.730718154,10.3770301,-8.719777022,-10.49841118,4.481825007
670,4.240752615,-22.32394701,-11.12261228,15.46295029,-12.74875659,-15.60840293,4.920921246
671,1.483256237,-26.78821625,-12.85291097,16.55747789,-14.09736368,-18.11049129,-1.043349663
672,3.63187605,14.13773529,6.402443514,-9.126024153,7.983731843,10.78110671,7.695836277
673,6.298808757,15.80909054,8.116268024,-7.2861416,6.560633672,9.151772123,6.417663574
674,2.066767946,45.83444351,22.74592599,-24.40430736,21.07535823,27.97777501,5.70252932
675,-0.126171085,1.894702869,0.988903505,0.121613685,-0.170678461,0.237805442,-0.636778206
676,11.95196198,-20.74477468,-8.913085983,17.64095629,-14.30690472,-16.93134816,10.04103859
677,6.495995231,-80.25780104,-39.69736882,45.0838867,-38.38221004,-49.1129512,3.051129499
678,-0.043523631,0.084569983,-0.033561794,0.368968764,-0.206469751,0.059170052,-0.406322387
679,3.836640518,-6.369792648,-3.184736771,3.854922097,-3.345999652,-3.845111168,2.325051665
680,144.9321001,-4.149748944,-3.150237194,10.78960803,-5.818014201,-5.608773817,6.364121988
681,-4.24739957,5.505958638,0.783601921,-0.256052043,2.35222258,4.300659289,0.2392121
682,3.15758486,0.36876556,1.052097817,0.244989142,-0.550641514,-0.545951612,0.027548507
683,3.105628708,-0.313091247,-0.362750873,0.326379648,-0.243327771,0.010668088,0.290320071
684,5.301349126,0.187150659,0.447143691,0.898412858,-0.251531214,-0.488662327,0.817734704
685,4.794102952,1.156964107,0.904067674,0.412091198,-0.253468132,-0.099436588,0.664473158
686,2.88039562,-0.009651471,0.106928145,0.27490845,-0.250316009,-0.232572332,0.148624393
687,5.387115481,-1.523644767,-0.881036683,0.854399388,-0.467290459,-0.784903784,0.462100129
688,0.737021917,-0.149506095,-0.124720957,0.077013081,-0.035865219,-0.048100463,0.149741282
689,50.0179114,9.00519978,4.637462728,-2.164089606,5.828048901,5.570325558,5.923536966
690,1.265070185,0.312842188,1.325718342,0.596357288,-0.224887593,-1.076860241,-0.688799126
691,2.378184133,0.213354564,0.156047365,0.253732687,-0.158189545,-0.232581019,0.065334324
692,10.79127267,1.062451287,0.872182781,-0.351589806,0.305767172,0.443032622,0.699349961
693,1.875347701,-0.229171926,-0.002651538,0.466581154,-0.264893677,-0.403351236,-0.003216552
694,4.83846964,0.402647288,0.20607023,-0.082432384,0.102464769,0.286014111,-0.075700154
695,3.262025597,0.085734035,0.124544436,0.401948257,-0.291617997,-0.31207021,0.049469338
696,1.303645133,0.174720754,0.13896997,0.035109404,0.070338103,0.027982874,0.13982197
697,1.500285394,0.207049303,0.10437794,0.218094996,-0.035370411,-0.079061468,0.057830167
698,2.123369324,0.290404453,0.278230004,0.067156714,-0.050172347,-0.038319579,0.045244302
699,9.671879274,0.707711108,0.199382799,-0.109071566,0.556207257,0.677089129,0.533782996
700,8.201577722,0.647450404,0.38173054,0.047305372,0.147497259,0.261394566,0.307009724
701,1.898864874,-0.034837039,0.006767684,0.148887521,-0.076337553,-0.066715759,0.094924034
702,2.605070733,0.056770855,0.007249337,0.139877289,-0.078438288,-0.1042831,0.105162626
703,3.412402982,-0.088226888,-0.020965749,-0.001797664,-0.10445724,-0.06412913,0.202727192
704,2.485937393,0.396215898,0.287114714,-0.084798756,0.104006172,0.191419433,0.035967261
705,23.4189307,3.202272292,3.029723419,0.447054597,-0.40337232,0.860370968,0.536513874
706,1.22883368,0.866783371,1.06948225,-0.368138985,0.448024043,0.058051873,0.043243591
707,3.920223109,0.463097193,0.353314087,0.262496786,-0.262464617,-0.06105666,-0.010203504
708,2.440459031,0.719162161,0.50364681,-0.210862746,0.262207318,0.324357016,0.173847402
709,19.69976308,4.181232724,3.680846558,0.133380373,0.513868239,0.953372176,1.361715068
710,-0.125146394,-0.591839502,-0.445554167,2.516293557,-1.048028027,-1.667594071,0.551105219
711,3.513900411,-1.672334908,-2.603391197,2.50403017,-1.652118733,-1.699902885,0.563246569
712,3.161843109,-0.897067066,-1.047149958,0.835382302,-0.654022024,-0.616285713,0.079563187
713,1.736124793,-1.034019166,-1.388772392,1.165415139,-0.696804305,-0.643649406,0.055027542
714,4.814967667,-0.629959607,-0.631645797,1.65138176,-0.589555256,-0.710029315,-0.089777076
715,0.895941127,0.206359951,-0.13385393,0.419069525,-0.142856233,-0.107319045,0.072051655
716,1.879168318,0.013840926,0.056054138,0.1905798,-0.103367872,-0.105910783,0.007571711
717,2.421489542,0.038836749,0.135276525,0.378546911,-0.163144188,-0.241551814,0.109546136
718,10.53650347,0.709597484,0.492640306,1.107388597,-0.626590719,-0.338314256,0.270072471
719,3.757882495,-0.464159408,0.089326491,0.391710797,-0.192830392,-0.228556538,0.044555552
720,8.145624321,0.372306908,0.33602863,0.715959283,-0.5816913,-0.452579676,0.367976352
721,3.530752354,0.006551243,-0.058650285,0.26188557,-0.031583805,0.044989704,0.09756899
722,1.563350645,-0.004219292,-0.062022729,0.088625638,-0.056371992,0.017198166,0.114356155
723,22.74591673,-0.172084535,-0.871839418,-0.387592221,0.493330805,0.385402728,0.214183421
724,9.949365853,-0.649720734,-0.271586989,-1.042722647,1.392349245,1.560025069,0.733812951
725,9.421644913,-2.709187562,-1.746248516,0.628710802,-0.390664304,-1.092916475,0.322156132
726,2.651099834,0.248434492,0.108862688,0.154258262,-0.102299877,0.052376922,0.129623584
727,1.722012994,0.112490518,0.130098738,0.259902389,-0.154194765,-0.165155116,-0.045186238
728,1.78557741,-0.015692972,-0.001949464,0.339293981,-0.195404528,-0.241529574,-0.094830396
729,5.538546537,0.132432517,0.071594265,0.309591264,-0.278065667,-0.17643247,0.028869945
730,9.075464015,0.238087844,0.294825448,0.76291331,-0.592355606,-0.545173447,-0.121476671
731,19.86353443,2.095295207,1.871966504,1.702307927,-0.983840733,-0.362631878,0.054319645
732,1.482027582,-0.554881134,-0.487417761,0.717669352,-0.491325253,-0.431604818,0.165278929
733,45.43947858,-1.963256934,-1.470412343,3.779679195,-2.745832289,-0.927086703,1.918905704
734,-9.001956594,3.518459614,6.079195312,4.514551694,1.31699639,-4.351869336,-4.127777265
735,0.420678834,0.723781599,0.333903161,-0.126414084,0.2299156,0.293212779,0.360771621
736,3.253317119,0.111008461,0.10566504,0.573434847,-0.361648659,-0.311185982,-0.073110557
737,12.96793566,-0.038829844,0.103794324,1.635536043,-0.914515874,-0.718730614,0.294796915
738,4.907847557,0.777734107,0.542118812,0.135419785,0.124721976,-0.01264995,0.19745175
739,11.1174841,22.77567717,19.54286901,16.08599309,-11.85014793,-13.99296051,-3.813991182
740,1.790537282,2.212273494,1.668987348,1.973202465,-1.704385477,-2.121556166,-0.553000038
741,3.440342741,4.711507537,4.242755093,2.828839159,-2.25881239,-2.658626502,0.106897136
742,74.38797463,-9.944256095,-7.94391477,14.05400561,-13.87220552,-9.023531466,-0.309806937
743,12.45758925,8.074442062,4.482563546,0.398578725,11.44452904,3.495487191,-1.247592869
744,384.6317911,-105.2462359,-70.08424804,57.07059796,-105.2782745,-104.6012307,-188.6050354
745,-1.959793941,0.795874456,-2.516580929,-3.328762783,0.395904015,2.387585334,2.106529662
746,-2.737851045,6.295759518,3.677475872,4.599729877,-4.128745946,-3.572896688,-11.67788433
747,0.55575546,-4.02736429,-1.932173829,1.01018958,-0.764275055,-1.183096874,-0.578327382
748,3.064690398,-0.589634109,-0.044543979,0.036587567,0.078326251,0.104882632,-0.387879216
749,21.64956865,-0.076801899,3.612804848,3.809944548,-2.583770864,-3.085739235,3.077088939
750,1.058701049,-0.414345065,-0.004085,0.056071392,-0.040678013,-0.102751199,0.113312002
,16.21778646,13.88582738,8.690377535,3.404857627,-1.119301091,-0.679333401,6.178992329
