OBS,PRO,Lats,Latitude,Longitude,jan_max,july_min,prec,evap,soil,wind
PAP92022301,PRMUND,34.33333333,-34.33333333,19.01666667,24.48,10.17,474.61,0.22,0.42,3.61
PAP92071702,PRMUND,34.32733333,-34.32733333,19.002,24.48,10.17,474.61,0.22,0.42,3.61
NAH92071504,PRMUND,33.58333333,-33.58333333,24.24733333,42.04,0.54,453.52,0.14,0.44,3.92
NAH92071601,PRMUND,33.59233333,-33.59233333,24.39833333,42.04,0.54,453.52,0.14,0.44,3.92
APE92080909,PRMUND,34.2675,-34.2675,19.02483333,24.48,10.17,474.61,0.22,0.42,3.61
APE92081602,PRMUND,34.33016667,-34.33016667,18.99516667,24.48,10.17,474.61,0.22,0.42,3.61
APE92081610,PRMUND,34.33333333,-34.33333333,19.01583333,24.48,10.17,474.61,0.22,0.42,3.61
SHR92081002,PRMUND,33.923,-33.923,23.14866667,31.46,6.64,369.14,0.1,0.43,1.43
SHR92081302,PRMUND,33.96833333,-33.96833333,23.53733333,29.69,8.42,390.23,0.17,0.44,2.8
JAT92081305,PRMUND,34.38833333,-34.38833333,19.35,29.51,6.87,363.87,0.14,0.41,3.67
TMA92083101,PRMUND,33.818,-33.818,22.9055,31.46,6.64,369.14,0.1,0.43,1.43
TMA92083102,PRMUND,33.82083333,-33.82083333,22.90283333,31.46,6.64,369.14,0.1,0.43,1.43
TMA92083103,PRMUND,33.82633333,-33.82633333,22.90966667,31.46,6.64,369.14,0.1,0.43,1.43
APE92100307,PRMUND,32.78933333,-32.78933333,18.64666667,39.8,2.38,500.98,0.19,0.41,3.66
PAP92091803,PRMUND,34.3225,-34.3225,18.99083333,24.48,10.17,474.61,0.22,0.42,3.61
AGR92102506,PRMUND,34.074,-34.074,18.393,25.9,11.12,374.41,0.22,0.34,3.64
APE92092704,PRMUND,33.5765,-33.5765,24.251,42.04,0.54,453.52,0.14,0.44,3.92
APE92092706,PRMUND,33.57483333,-33.57483333,24.25533333,42.04,0.54,453.52,0.14,0.44,3.92
APE92092707,PRMUND,33.5725,-33.5725,24.26083333,42.04,0.54,453.52,0.14,0.44,3.92
PAP92091804,PRMUND,34.322,-34.322,18.98333333,24.48,10.17,474.61,0.22,0.42,3.61
CBE92092902,PRMUND,33.74683333,-33.74683333,23.16933333,38.52,-0.79,516.8,0.11,0.48,3.55
CBE92092903,PRMUND,33.7585,-33.7585,23.15583333,31.46,6.64,369.14,0.1,0.43,1.43
CBE92092904,PRMUND,33.76083333,-33.76083333,23.1425,31.46,6.64,369.14,0.1,0.43,1.43
CBE92092906,PRMUND,33.86666667,-33.86666667,23.172,31.46,6.64,369.14,0.1,0.43,1.43
CBE92092909,PRMUND,33.92016667,-33.92016667,23.1425,31.46,6.64,369.14,0.1,0.43,1.43
SSA92100401,PRMUND,33.89216667,-33.89216667,25.25433333,34.44,8.8,421.88,0.15,0.43,2.87
RSA93011802,PRMUND,34.0055,-34.0055,24.76666667,34.44,8.8,421.88,0.15,0.43,2.87
WAM92122901,PRMUND,33.96983333,-33.96983333,23.54616667,29.69,8.42,390.23,0.17,0.44,2.8
AGR93022402,PRMUND,33.96983333,-33.96983333,23.53333333,29.69,8.42,390.23,0.17,0.44,2.8
AGR93022408,PRMUND,33.95983333,-33.95983333,23.5415,29.69,8.42,390.23,0.17,0.44,2.8
AGR93022506,PRMUND,33.9595,-33.9595,23.56833333,29.69,8.42,390.23,0.17,0.44,2.8
AGR93030102,PRMUND,34.08533333,-34.08533333,23.31766667,31.46,6.64,369.14,0.1,0.43,1.43
AGR93030103,PRMUND,34.082,-34.082,23.311,31.46,6.64,369.14,0.1,0.43,1.43
AGR93030104,PRMUND,34.077,-34.077,23.306,31.46,6.64,369.14,0.1,0.43,1.43
AGR93030105,PRMUND,34.0675,-34.0675,23.26666667,31.46,6.64,369.14,0.1,0.43,1.43
AGR93030106,PRMUND,34.0705,-34.0705,23.25716667,31.46,6.64,369.14,0.1,0.43,1.43
AGR93030108,PRMUND,34.07383333,-34.07383333,23.2975,31.46,6.64,369.14,0.1,0.43,1.43
AGR93030205,PRMUND,34.08566667,-34.08566667,23.22933333,31.46,6.64,369.14,0.1,0.43,1.43
AGR93030210,PRMUND,34.06433333,-34.06433333,23.26483333,31.46,6.64,369.14,0.1,0.43,1.43
AGR93030303,PRMUND,33.99883333,-33.99883333,23.435,31.46,6.64,369.14,0.1,0.43,1.43
AGR93030402,PRMUND,33.9085,-33.9085,23.22333333,31.46,6.64,369.14,0.1,0.43,1.43
AGR93030403,PRMUND,33.76166667,-33.76166667,23.151,31.46,6.64,369.14,0.1,0.43,1.43
AGR93030404,PRMUND,33.759,-33.759,23.16233333,31.46,6.64,369.14,0.1,0.43,1.43
DOA93041002,PRMUND,33.93483333,-33.93483333,22.64683333,30.83,7.26,348.05,0.08,0.43,2.07
APE93042502,PRMUND,34.328,-34.328,19.00216667,24.48,10.17,474.61,0.22,0.42,3.61
KCK92122101,PRMUND,33.96716667,-33.96716667,23.54233333,29.69,8.42,390.23,0.17,0.44,2.8
KCK92122102,PRMUND,33.9675,-33.9675,23.54366667,29.69,8.42,390.23,0.17,0.44,2.8
KCK92122103,PRMUND,33.96833333,-33.96833333,23.54516667,29.69,8.42,390.23,0.17,0.44,2.8
KCK92122105,PRMUND,33.97016667,-33.97016667,23.54683333,29.69,8.42,390.23,0.17,0.44,2.8
KCK92122201,PRMUND,33.9675,-33.9675,23.58583333,29.69,8.42,390.23,0.17,0.44,2.8
KCK92122203,PRMUND,33.97033333,-33.97033333,23.58,29.69,8.42,390.23,0.17,0.44,2.8
KCK92122204,PRMUND,33.97116667,-33.97116667,23.57666667,29.69,8.42,390.23,0.17,0.44,2.8
DEB93040901,PRMUND,33.69583333,-33.69583333,24.06416667,42.04,0.54,453.52,0.14,0.44,3.92
DEB93040902,PRMUND,33.69,-33.69,24.10833333,42.04,0.54,453.52,0.14,0.44,3.92
DJF93022805,PRMUND,34.33533333,-34.33533333,18.94416667,24.48,10.17,474.61,0.22,0.42,3.61
APE93051904,PRMUND,33.88766667,-33.88766667,25.26616667,34.44,8.8,421.88,0.15,0.43,2.87
APE93051905,PRMUND,33.89016667,-33.89016667,25.2725,34.44,8.8,421.88,0.15,0.43,2.87
APE93051906,PRMUND,33.886,-33.886,25.2565,34.44,8.8,421.88,0.15,0.43,2.87
APE93051907,PRMUND,33.88566667,-33.88566667,25.25183333,34.44,8.8,421.88,0.15,0.43,2.87
MAJ93060901,PRMUND,34.2725,-34.2725,18.925,24.48,10.17,474.61,0.22,0.42,3.61
RBC93070103,PRMUND,33.69033333,-33.69033333,24.96916667,42.57,2.58,511.52,0.16,0.41,3.06
DOA93050301,PRMUND,33.97033333,-33.97033333,23.5775,29.69,8.42,390.23,0.17,0.44,2.8
DOA93050303,PRMUND,33.96533333,-33.96533333,23.58516667,29.69,8.42,390.23,0.17,0.44,2.8
DOA93050403,PRMUND,33.90766667,-33.90766667,23.63383333,29.69,8.42,390.23,0.17,0.44,2.8
DOA93050405,PRMUND,33.9045,-33.9045,23.64683333,29.69,8.42,390.23,0.17,0.44,2.8
DOA93050406,PRMUND,33.90366667,-33.90366667,23.6495,29.69,8.42,390.23,0.17,0.44,2.8
DOA93050407,PRMUND,33.90366667,-33.90366667,23.6565,29.69,8.42,390.23,0.17,0.44,2.8
DOA93050409,PRMUND,33.90033333,-33.90033333,23.66283333,29.69,8.42,390.23,0.17,0.44,2.8
DOA93050508,PRMUND,33.91933333,-33.91933333,23.77416667,29.69,8.42,390.23,0.17,0.44,2.8
DOA93050509,PRMUND,33.919,-33.919,23.77633333,29.69,8.42,390.23,0.17,0.44,2.8
DOA93050604,PRMUND,33.93783333,-33.93783333,23.88716667,29.69,8.42,390.23,0.17,0.44,2.8
DOA93050701,PRMUND,33.95183333,-33.95183333,23.91783333,29.69,8.42,390.23,0.17,0.44,2.8
DOA93050702,PRMUND,33.96483333,-33.96483333,23.9285,29.69,8.42,390.23,0.17,0.44,2.8
DOA93050703,PRMUND,33.9675,-33.9675,23.8855,29.69,8.42,390.23,0.17,0.44,2.8
DOA93050705,PRMUND,33.96133333,-33.96133333,23.5355,29.69,8.42,390.23,0.17,0.44,2.8
APE93051903,PRMUND,33.8865,-33.8865,25.26133333,34.44,8.8,421.88,0.15,0.43,2.87
OUT93072502,PRMUND,33.9675,-33.9675,23.58466667,29.69,8.42,390.23,0.17,0.44,2.8
MHG93071401,PRMUND,33.97033333,-33.97033333,23.54433333,29.69,8.42,390.23,0.17,0.44,2.8
JAT93071202,PRMUND,34.08566667,-34.08566667,23.23233333,31.46,6.64,369.14,0.1,0.43,1.43
OUT93080702,PRMUND,33.8405,-33.8405,22.6495,30.83,7.26,348.05,0.08,0.43,2.07
OUT93081505,PRMUND,33.945,-33.945,22.59683333,30.83,7.26,348.05,0.08,0.43,2.07
OUT93091102,PRMUND,33.85,-33.85,22.57916667,30.83,7.26,348.05,0.08,0.43,2.07
OUT93091106,PRMUND,33.85333333,-33.85333333,22.55,30.83,7.26,348.05,0.08,0.43,2.07
AKS93091403,PRMUND,33.9675,-33.9675,23.585,29.69,8.42,390.23,0.17,0.44,2.8
AKS93091503,PRMUND,33.9085,-33.9085,23.6365,29.69,8.42,390.23,0.17,0.44,2.8
AKS93091504,PRMUND,33.90466667,-33.90466667,23.649,29.69,8.42,390.23,0.17,0.44,2.8
AKS93091505,PRMUND,33.90716667,-33.90716667,23.649,29.69,8.42,390.23,0.17,0.44,2.8
AKS93091506,PRMUND,33.90233333,-33.90233333,23.65866667,29.69,8.42,390.23,0.17,0.44,2.8
AKS93091507,PRMUND,33.9005,-33.9005,23.6645,29.69,8.42,390.23,0.17,0.44,2.8
AKS93091509,PRMUND,33.90133333,-33.90133333,23.68916667,29.69,8.42,390.23,0.17,0.44,2.8
AKS93091606,PRMUND,33.91933333,-33.91933333,23.778,29.69,8.42,390.23,0.17,0.44,2.8
KLW93091402,PRMUND,33.92166667,-33.92166667,23.635,29.69,8.42,390.23,0.17,0.44,2.8
GNI93102501,PRMUND,33.74233333,-33.74233333,25.02016667,42.57,2.58,511.52,0.16,0.41,3.06
NOG93052303,PRMUND,33.69216667,-33.69216667,24.96933333,42.57,2.58,511.52,0.16,0.41,3.06
DOA93121203,PRMUND,33.96166667,-33.96166667,24.26983333,35.12,6.64,427.15,0.16,0.44,2.84
DOA93121204,PRMUND,33.96083333,-33.96083333,24.26883333,35.12,6.64,427.15,0.16,0.44,2.84
DOA93121205,PRMUND,33.97383333,-33.97383333,24.25383333,35.12,6.64,427.15,0.16,0.44,2.84
HRK94040201,PRMUND,33.90133333,-33.90133333,23.65883333,29.69,8.42,390.23,0.17,0.44,2.8
HRK94040202,PRMUND,33.90266667,-33.90266667,23.66233333,29.69,8.42,390.23,0.17,0.44,2.8
GYC94052601,PRMUND,34.05183333,-34.05183333,18.87583333,33.55,6.06,506.25,0.19,0.45,3.49
GYC94052602,PRMUND,34.05,-34.05,18.87583333,33.55,6.06,506.25,0.19,0.45,3.49
GYC94052603,PRMUND,34.05,-34.05,18.87466667,33.55,6.06,506.25,0.19,0.45,3.49
GYC94070803,PRMUND,34.04916667,-34.04916667,18.86933333,33.55,6.06,506.25,0.19,0.45,3.49
GYC94070804,PRMUND,34.05083333,-34.05083333,18.86833333,33.55,6.06,506.25,0.19,0.45,3.49
GYC94070809,PRMUND,34.05683333,-34.05683333,18.871,33.55,6.06,506.25,0.19,0.45,3.49
APE94082003,PRMUND,33.86166667,-33.86166667,25.1865,34.44,8.8,421.88,0.15,0.43,2.87
APE94082004,PRMUND,33.855,-33.855,25.185,34.44,8.8,421.88,0.15,0.43,2.87
APE94082011,PRMUND,33.7815,-33.7815,25.08,34.44,8.8,421.88,0.15,0.43,2.87
APE94082102,PRMUND,33.88883333,-33.88883333,25.26766667,34.44,8.8,421.88,0.15,0.43,2.87
APE94082103,PRMUND,33.89016667,-33.89016667,25.2715,34.44,8.8,421.88,0.15,0.43,2.87
APE94082104,PRMUND,33.89183333,-33.89183333,25.26883333,34.44,8.8,421.88,0.15,0.43,2.87
APE94082105,PRMUND,33.8915,-33.8915,25.26416667,34.44,8.8,421.88,0.15,0.43,2.87
APE94082106,PRMUND,33.89183333,-33.89183333,25.25983333,34.44,8.8,421.88,0.15,0.43,2.87
APE94082107,PRMUND,33.89233333,-33.89233333,25.256,34.44,8.8,421.88,0.15,0.43,2.87
APE94082108,PRMUND,33.8905,-33.8905,25.258,34.44,8.8,421.88,0.15,0.43,2.87
APE94082110,PRMUND,33.88733333,-33.88733333,25.25983333,34.44,8.8,421.88,0.15,0.43,2.87
APE94082111,PRMUND,33.88833333,-33.88833333,25.2635,34.44,8.8,421.88,0.15,0.43,2.87
APE94080701,PRMUND,34.01216667,-34.01216667,18.4,25.9,11.12,374.41,0.22,0.34,3.64
PAP94092906,PRMUND,34.3265,-34.3265,19.00366667,24.48,10.17,474.61,0.22,0.42,3.61
OUT94100101,PRMUND,33.94333333,-33.94333333,22.593,30.83,7.26,348.05,0.08,0.43,2.07
OUT94101502,PRMUND,33.84316667,-33.84316667,22.66283333,30.83,7.26,348.05,0.08,0.43,2.07
OUT94101503,PRMUND,33.84333333,-33.84333333,22.66016667,30.83,7.26,348.05,0.08,0.43,2.07
OUT94101504,PRMUND,33.8405,-33.8405,22.6565,30.83,7.26,348.05,0.08,0.43,2.07
OUT94101507,PRMUND,33.845,-33.845,22.64516667,30.83,7.26,348.05,0.08,0.43,2.07
OUT94101508,PRMUND,33.848,-33.848,22.64966667,30.83,7.26,348.05,0.08,0.43,2.07
WIJ94111901,PRMUND,34.19166667,-34.19166667,18.99,33.55,6.06,506.25,0.19,0.45,3.49
AKS94111206,PRMUND,33.89166667,-33.89166667,23.16616667,31.46,6.64,369.14,0.1,0.43,1.43
IAN94021701,PRMUND,34.0885,-34.0885,19.12633333,36.73,1.57,458.79,0.16,0.45,3.73
NSC94120401,PRMUND,34.01716667,-34.01716667,18.37383333,25.9,11.12,374.41,0.22,0.34,3.64
NOG94111201,PRMUND,33.88616667,-33.88616667,25.264,34.44,8.8,421.88,0.15,0.43,2.87
NOG94111202,PRMUND,33.88816667,-33.88816667,25.26616667,34.44,8.8,421.88,0.15,0.43,2.87
NOG94111203,PRMUND,33.89066667,-33.89066667,25.26633333,34.44,8.8,421.88,0.15,0.43,2.87
NOG94111204,PRMUND,33.88766667,-33.88766667,25.26833333,34.44,8.8,421.88,0.15,0.43,2.87
DFJ95012301,PRMUND,33.88433333,-33.88433333,25.25016667,34.44,8.8,421.88,0.15,0.43,2.87
PVR95012201,PRMUND,33.95033333,-33.95033333,22.606,30.83,7.26,348.05,0.08,0.43,2.07
AGR95040515,PRMUND,34.37933333,-34.37933333,19.40216667,29.51,6.87,363.87,0.14,0.41,3.67
AGR95040523,PRMUND,34.39033333,-34.39033333,19.35216667,29.51,6.87,363.87,0.14,0.41,3.67
AKS95040203,PRMUND,34.29466667,-34.29466667,18.8505,24.48,10.17,474.61,0.22,0.42,3.61
WIJ95031903,PRMUND,33.90333333,-33.90333333,25.21,34.44,8.8,421.88,0.15,0.43,2.87
WIJ95032407,PRMUND,33.99833333,-33.99833333,24.175,35.12,6.64,427.15,0.16,0.44,2.84
WIJ95032408,PRMUND,33.96833333,-33.96833333,23.93333333,29.69,8.42,390.23,0.17,0.44,2.8
WIJ95032409,PRMUND,33.96833333,-33.96833333,23.65666667,29.69,8.42,390.23,0.17,0.44,2.8
WIJ95032410,PRMUND,33.93916667,-33.93916667,23.55166667,29.69,8.42,390.23,0.17,0.44,2.8
WIJ95032411,PRMUND,33.93333333,-33.93333333,23.53666667,29.69,8.42,390.23,0.17,0.44,2.8
WIJ95032502,PRMUND,33.84333333,-33.84333333,22.66166667,30.83,7.26,348.05,0.08,0.43,2.07
WIJ95032503,PRMUND,33.84,-33.84,22.65333333,30.83,7.26,348.05,0.08,0.43,2.07
WIJ95032504,PRMUND,33.83333333,-33.83333333,22.64666667,30.83,7.26,348.05,0.08,0.43,2.07
WIJ95032505,PRMUND,33.82333333,-33.82333333,22.66333333,30.83,7.26,348.05,0.08,0.43,2.07
WIJ95032506,PRMUND,33.81833333,-33.81833333,22.68666667,30.83,7.26,348.05,0.08,0.43,2.07
OUT95032501,PRMUND,33.84733333,-33.84733333,22.6425,30.83,7.26,348.05,0.08,0.43,2.07
NAH95050903,PRMUND,33.65083333,-33.65083333,24.7935,42.57,2.58,511.52,0.16,0.41,3.06
DOA95042702,PRMUND,33.99316667,-33.99316667,24.19783333,35.12,6.64,427.15,0.16,0.44,2.84
DOA95042705,PRMUND,34.06016667,-34.06016667,24.49466667,35.12,6.64,427.15,0.16,0.44,2.84
JAT95052601,PRMUND,34.0825,-34.0825,23.31183333,31.46,6.64,369.14,0.1,0.43,1.43
JAT95052602,PRMUND,34.07433333,-34.07433333,23.29733333,31.46,6.64,369.14,0.1,0.43,1.43
DFJ95080501,PRMUND,33.85,-33.85,23.715,29.69,8.42,390.23,0.17,0.44,2.8
PVR95080605,PRMUND,34.3245,-34.3245,18.9985,24.48,10.17,474.61,0.22,0.42,3.61
PVR95080611,PRMUND,34.3205,-34.3205,18.991,24.48,10.17,474.61,0.22,0.42,3.61
AWA95072404,PRMUND,33.7585,-33.7585,23.161,31.46,6.64,369.14,0.1,0.43,1.43
DFJ95102202,PRMUND,33.892,-33.892,25.27233333,34.44,8.8,421.88,0.15,0.43,2.87
PVR95102606,PRMUND,34.3925,-34.3925,19.33333333,29.51,6.87,363.87,0.14,0.41,3.67
PVR95102608,PRMUND,34.39083333,-34.39083333,19.34166667,29.51,6.87,363.87,0.14,0.41,3.67
OUT95100703,PRMUND,33.8405,-33.8405,23.18166667,31.46,6.64,369.14,0.1,0.43,1.43
OUT95100704,PRMUND,33.83966667,-33.83966667,23.17633333,31.46,6.64,369.14,0.1,0.43,1.43
OUT95100705,PRMUND,33.83833333,-33.83833333,23.172,31.46,6.64,369.14,0.1,0.43,1.43
OUT95100706,PRMUND,33.83616667,-33.83616667,23.16916667,31.46,6.64,369.14,0.1,0.43,1.43
OUT95100707,PRMUND,33.83533333,-33.83533333,23.16533333,31.46,6.64,369.14,0.1,0.43,1.43
OUT95100708,PRMUND,33.8365,-33.8365,23.1635,31.46,6.64,369.14,0.1,0.43,1.43
DFJ96010101,PRMUND,34.01,-34.01,23.225,31.46,6.64,369.14,0.1,0.43,1.43
RDF95120201,PRMUND,33.836,-33.836,22.9205,31.46,6.64,369.14,0.1,0.43,1.43
RDF95120202,PRMUND,33.83533333,-33.83533333,22.91883333,31.46,6.64,369.14,0.1,0.43,1.43
RDF95120301,PRMUND,33.81833333,-33.81833333,22.8985,31.46,6.64,369.14,0.1,0.43,1.43
HRK95121701,PRMUND,33.96266667,-33.96266667,23.9375,29.69,8.42,390.23,0.17,0.44,2.8
HRK95121702,PRMUND,33.95983333,-33.95983333,23.9375,29.69,8.42,390.23,0.17,0.44,2.8
HRK95121703,PRMUND,33.95816667,-33.95816667,23.935,29.69,8.42,390.23,0.17,0.44,2.8
HRK95121704,PRMUND,33.95666667,-33.95666667,23.93383333,29.69,8.42,390.23,0.17,0.44,2.8
HRK95121705,PRMUND,33.955,-33.955,23.929,29.69,8.42,390.23,0.17,0.44,2.8
AGR96010706,PRMUND,34.33333333,-34.33333333,18.928,24.48,10.17,474.61,0.22,0.42,3.61
DOA95122908,PRMUND,33.995,-33.995,24.20916667,35.12,6.64,427.15,0.16,0.44,2.84
DOA95122909,PRMUND,33.99366667,-33.99366667,24.17416667,35.12,6.64,427.15,0.16,0.44,2.84
DOA95122911,PRMUND,33.96666667,-33.96666667,23.87683333,29.69,8.42,390.23,0.17,0.44,2.8
MHG96010202,PRMUND,33.97616667,-33.97616667,23.62533333,29.69,8.42,390.23,0.17,0.44,2.8
MHG96010205,PRMUND,33.97066667,-33.97066667,23.64466667,29.69,8.42,390.23,0.17,0.44,2.8
OUT96011306,PRMUND,33.88466667,-33.88466667,22.6,30.83,7.26,348.05,0.08,0.43,2.07
OUT96011307,PRMUND,33.89366667,-33.89366667,22.6075,30.83,7.26,348.05,0.08,0.43,2.07
OUT96011308,PRMUND,33.89583333,-33.89583333,22.61133333,30.83,7.26,348.05,0.08,0.43,2.07
OUT96011310,PRMUND,33.91,-33.91,22.63016667,30.83,7.26,348.05,0.08,0.43,2.07
OUT95122601,PRMUND,33.96833333,-33.96833333,23.54733333,29.69,8.42,390.23,0.17,0.44,2.8
OUT95122603,PRMUND,33.96033333,-33.96033333,23.54366667,29.69,8.42,390.23,0.17,0.44,2.8
DEL96030601,PRMUND,33.607,-33.607,25.10583333,42.57,2.58,511.52,0.16,0.41,3.06
DEL96030701,PRMUND,33.60333333,-33.60333333,25.07916667,42.57,2.58,511.52,0.16,0.41,3.06
DEL96030702,PRMUND,33.6,-33.6,25.062,42.57,2.58,511.52,0.16,0.41,3.06
AWA96032503,PRMUND,33.76333333,-33.76333333,23.142,31.46,6.64,369.14,0.1,0.43,1.43
AWA96032504,PRMUND,33.76116667,-33.76116667,23.143,31.46,6.64,369.14,0.1,0.43,1.43
AWA96032505,PRMUND,33.761,-33.761,23.15116667,31.46,6.64,369.14,0.1,0.43,1.43
DEL96031908,PRMUND,33.68916667,-33.68916667,25.09083333,42.57,2.58,511.52,0.16,0.41,3.06
DEL96032004,PRMUND,33.65966667,-33.65966667,25.165,42.57,2.58,511.52,0.16,0.41,3.06
MCG96032401,PRMUND,33.89916667,-33.89916667,25.257,34.44,8.8,421.88,0.15,0.43,2.87
MCG96032402,PRMUND,33.89466667,-33.89466667,25.257,34.44,8.8,421.88,0.15,0.43,2.87
MCG96032601,PRMUND,33.8915,-33.8915,25.251,34.44,8.8,421.88,0.15,0.43,2.87
MCG96032603,PRMUND,33.88866667,-33.88866667,25.24416667,34.44,8.8,421.88,0.15,0.43,2.87
MCG96032604,PRMUND,33.888,-33.888,25.23716667,34.44,8.8,421.88,0.15,0.43,2.87
MCG96032605,PRMUND,33.88733333,-33.88733333,25.232,34.44,8.8,421.88,0.15,0.43,2.87
OUT96030901,PRMUND,33.8545,-33.8545,22.67066667,30.83,7.26,348.05,0.08,0.43,2.07
OUT96030902,PRMUND,33.84583333,-33.84583333,22.66666667,30.83,7.26,348.05,0.08,0.43,2.07
OUT96030903,PRMUND,33.83983333,-33.83983333,22.66416667,30.83,7.26,348.05,0.08,0.43,2.07
OUT96030905,PRMUND,33.8385,-33.8385,22.64166667,30.83,7.26,348.05,0.08,0.43,2.07
OUT96030906,PRMUND,33.83783333,-33.83783333,22.63516667,30.83,7.26,348.05,0.08,0.43,2.07
OUT96030908,PRMUND,33.83783333,-33.83783333,22.62666667,30.83,7.26,348.05,0.08,0.43,2.07
OUT96030909,PRMUND,33.83883333,-33.83883333,22.62566667,30.83,7.26,348.05,0.08,0.43,2.07
OUT96030910,PRMUND,33.83416667,-33.83416667,22.62066667,30.83,7.26,348.05,0.08,0.43,2.07
OUT96030911,PRMUND,33.85,-33.85,22.63333333,30.83,7.26,348.05,0.08,0.43,2.07
OUT96030912,PRMUND,33.86533333,-33.86533333,22.6345,30.83,7.26,348.05,0.08,0.43,2.07
AGR96032911,PRMUND,34.39766667,-34.39766667,19.17366667,29.51,6.87,363.87,0.14,0.41,3.67
AGR96032913,PRMUND,34.39866667,-34.39866667,19.17916667,29.51,6.87,363.87,0.14,0.41,3.67
NGF96041301,PRMUND,34.0745,-34.0745,18.399,25.9,11.12,374.41,0.22,0.34,3.64
DEL96032703,PRMUND,33.65833333,-33.65833333,25.25416667,42.57,2.58,511.52,0.16,0.41,3.06
DEL96032705,PRMUND,33.6575,-33.6575,25.25833333,42.57,2.58,511.52,0.16,0.41,3.06
DEL96032715,PRMUND,33.6375,-33.6375,25.27,42.57,2.58,511.52,0.16,0.41,3.06
DEL96032717,PRMUND,33.6375,-33.6375,25.26433333,42.57,2.58,511.52,0.16,0.41,3.06
PRG96031602,PRMUND,33.7285,-33.7285,25.18133333,42.57,2.58,511.52,0.16,0.41,3.06
DEL96041709,PRMUND,33.63583333,-33.63583333,25.27416667,42.57,2.58,511.52,0.16,0.41,3.06
DEL96041711,PRMUND,33.63333333,-33.63333333,25.27083333,42.57,2.58,511.52,0.16,0.41,3.06
DEL96041713,PRMUND,33.63416667,-33.63416667,25.25916667,42.57,2.58,511.52,0.16,0.41,3.06
DEL96041719,PRMUND,33.66666667,-33.66666667,25.25066667,42.57,2.58,511.52,0.16,0.41,3.06
MCG96041001,PRMUND,33.98733333,-33.98733333,24.15316667,35.12,6.64,427.15,0.16,0.44,2.84
MCG96042101,PRMUND,33.88916667,-33.88916667,25.26783333,34.44,8.8,421.88,0.15,0.43,2.87
NSC96031301,PRMUND,33.9675,-33.9675,23.8795,29.69,8.42,390.23,0.17,0.44,2.8
NSC96031302,PRMUND,33.96583333,-33.96583333,23.87033333,29.69,8.42,390.23,0.17,0.44,2.8
NSC96031407,PRMUND,33.97383333,-33.97383333,23.89166667,29.69,8.42,390.23,0.17,0.44,2.8
NSC96031412,PRMUND,33.996,-33.996,24.13116667,35.12,6.64,427.15,0.16,0.44,2.84
NSC96031414,PRMUND,34.00083333,-34.00083333,24.18116667,35.12,6.64,427.15,0.16,0.44,2.84
NSC96031415,PRMUND,34.003,-34.003,24.19,35.12,6.64,427.15,0.16,0.44,2.84
NSC96031416,PRMUND,34.003,-34.003,24.20216667,35.12,6.64,427.15,0.16,0.44,2.84
DFJ96050501,PRMUND,33.84833333,-33.84833333,23.67666667,29.69,8.42,390.23,0.17,0.44,2.8
FEA96050401,PRMUND,34.3125,-34.3125,18.99166667,24.48,10.17,474.61,0.22,0.42,3.61
HRK96041104,PRMUND,33.90183333,-33.90183333,23.4005,31.46,6.64,369.14,0.1,0.43,1.43
HRK96042201,PRMUND,33.94633333,-33.94633333,23.6205,29.69,8.42,390.23,0.17,0.44,2.8
HRK96042204,PRMUND,33.96533333,-33.96533333,23.93116667,29.69,8.42,390.23,0.17,0.44,2.8
HRK96042307,PRMUND,33.96716667,-33.96716667,23.88016667,29.69,8.42,390.23,0.17,0.44,2.8
HRK96042308,PRMUND,33.969,-33.969,23.8865,29.69,8.42,390.23,0.17,0.44,2.8
HRK96042309,PRMUND,33.96816667,-33.96816667,23.88916667,29.69,8.42,390.23,0.17,0.44,2.8
OBK96040705,PRMUND,33.85983333,-33.85983333,22.829,31.46,6.64,369.14,0.1,0.43,1.43
OBK96040801,PRMUND,33.88733333,-33.88733333,22.98016667,31.46,6.64,369.14,0.1,0.43,1.43
OBK96040802,PRMUND,33.88066667,-33.88066667,22.98766667,31.46,6.64,369.14,0.1,0.43,1.43
AGR96051901,PRMUND,34.07433333,-34.07433333,18.397,25.9,11.12,374.41,0.22,0.34,3.64
AJT96050201,PRMUND,33.9315,-33.9315,23.15866667,31.46,6.64,369.14,0.1,0.43,1.43
AJT96050202,PRMUND,33.92516667,-33.92516667,23.15816667,31.46,6.64,369.14,0.1,0.43,1.43
AJT96050204,PRMUND,33.89566667,-33.89566667,23.156,31.46,6.64,369.14,0.1,0.43,1.43
AJT96050205,PRMUND,33.77433333,-33.77433333,23.14516667,31.46,6.64,369.14,0.1,0.43,1.43
AJT96050206,PRMUND,33.76666667,-33.76666667,23.13983333,31.46,6.64,369.14,0.1,0.43,1.43
AJT96050302,PRMUND,33.66033333,-33.66033333,24.79366667,42.57,2.58,511.52,0.16,0.41,3.06
OUT96050106,PRMUND,33.81216667,-33.81216667,23.11983333,31.46,6.64,369.14,0.1,0.43,1.43
MCG96043011,PRMUND,33.9915,-33.9915,24.13966667,35.12,6.64,427.15,0.16,0.44,2.84
QTS96051108,PRMUND,33.75716667,-33.75716667,25.25,34.44,8.8,421.88,0.15,0.43,2.87
QTS96051109,PRMUND,33.76033333,-33.76033333,25.25516667,34.44,8.8,421.88,0.15,0.43,2.87
BMJ96061703,PRMUND,33.6,-33.6,24.5075,42.04,0.54,453.52,0.14,0.44,3.92
MCG96062002,PRMUND,33.88466667,-33.88466667,25.21933333,34.44,8.8,421.88,0.15,0.43,2.87
MCG96062003,PRMUND,33.8865,-33.8865,25.22583333,34.44,8.8,421.88,0.15,0.43,2.87
DFJ96081004,PRMUND,33.56833333,-33.56833333,24.78833333,42.57,2.58,511.52,0.16,0.41,3.06
NGF96081801,PRMUND,34.05583333,-34.05583333,18.87616667,33.55,6.06,506.25,0.19,0.45,3.49
LYM96081808,PRMUND,34.0535,-34.0535,18.87366667,33.55,6.06,506.25,0.19,0.45,3.49
OBK96080904,PRMUND,33.99233333,-33.99233333,23.21283333,31.46,6.64,369.14,0.1,0.43,1.43
BMJ96083104,PRMUND,33.58666667,-33.58666667,25.00833333,42.57,2.58,511.52,0.16,0.41,3.06
BMJ96090101,PRMUND,33.58666667,-33.58666667,25.005,42.57,2.58,511.52,0.16,0.41,3.06
BMJ96090102,PRMUND,33.57916667,-33.57916667,24.97833333,42.57,2.58,511.52,0.16,0.41,3.06
MCG96081001,PRMUND,33.56533333,-33.56533333,24.78916667,42.57,2.58,511.52,0.16,0.41,3.06
MCG96081003,PRMUND,33.565,-33.565,24.78116667,42.57,2.58,511.52,0.16,0.41,3.06
MCG96081802,PRMUND,33.84633333,-33.84633333,25.18816667,34.44,8.8,421.88,0.15,0.43,2.87
MCG96081803,PRMUND,33.85083333,-33.85083333,25.19416667,34.44,8.8,421.88,0.15,0.43,2.87
WJR96081001,PRMUND,33.57066667,-33.57066667,24.79166667,42.57,2.58,511.52,0.16,0.41,3.06
MCG96082405,PRMUND,33.59283333,-33.59283333,24.39833333,42.04,0.54,453.52,0.14,0.44,3.92
MCG96082501,PRMUND,33.59633333,-33.59633333,24.39416667,42.04,0.54,453.52,0.14,0.44,3.92
NAH96091203,PRMUND,33.89133333,-33.89133333,23.16666667,31.46,6.64,369.14,0.1,0.43,1.43
BMJ96092202,PRMUND,33.66,-33.66,23.77983333,38.85,-0.38,442.97,0.17,0.41,3.3
GYC96070903,PRMUND,34.32383333,-34.32383333,18.8485,24.48,10.17,474.61,0.22,0.42,3.61
WJR96082402,PRMUND,33.60233333,-33.60233333,24.401,42.04,0.54,453.52,0.14,0.44,3.92
WJR96082501,PRMUND,33.59366667,-33.59366667,24.393,42.04,0.54,453.52,0.14,0.44,3.92
DOA96101403,PRMUND,34.02766667,-34.02766667,22.96183333,31.46,6.64,369.14,0.1,0.43,1.43
DOA96101415,PRMUND,33.8915,-33.8915,23.16883333,31.46,6.64,369.14,0.1,0.43,1.43
DOA96101427,PRMUND,33.74466667,-33.74466667,23.16766667,38.52,-0.79,516.8,0.11,0.48,3.55
DOA96101428,PRMUND,33.75133333,-33.75133333,23.16833333,31.46,6.64,369.14,0.1,0.43,1.43
DOA96101430,PRMUND,33.75583333,-33.75583333,23.1635,31.46,6.64,369.14,0.1,0.43,1.43
DOA96101431,PRMUND,33.755,-33.755,23.16016667,31.46,6.64,369.14,0.1,0.43,1.43
DOA96101432,PRMUND,33.75983333,-33.75983333,23.14833333,31.46,6.64,369.14,0.1,0.43,1.43
DOA96101433,PRMUND,33.76033333,-33.76033333,23.14566667,31.46,6.64,369.14,0.1,0.43,1.43
DOA96101444,PRMUND,33.92433333,-33.92433333,23.15216667,31.46,6.64,369.14,0.1,0.43,1.43
DOA96101445,PRMUND,33.93333333,-33.93333333,23.15866667,31.46,6.64,369.14,0.1,0.43,1.43
NGF96092103,PRMUND,34.277,-34.277,18.92716667,24.48,10.17,474.61,0.22,0.42,3.61
BMJ96111001,PRMUND,33.85333333,-33.85333333,23.6355,29.69,8.42,390.23,0.17,0.44,2.8
SHR96092108,PRMUND,34.28833333,-34.28833333,18.88333333,24.48,10.17,474.61,0.22,0.42,3.61
WIJ96101208,PRMUND,33.74666667,-33.74666667,23.17083333,38.52,-0.79,516.8,0.11,0.48,3.55
WIJ96101210,PRMUND,33.75666667,-33.75666667,23.15833333,31.46,6.64,369.14,0.1,0.43,1.43
DOA96121601,PRMUND,33.97166667,-33.97166667,23.54833333,29.69,8.42,390.23,0.17,0.44,2.8
HRK96110902,PRMUND,33.94016667,-33.94016667,23.86883333,29.69,8.42,390.23,0.17,0.44,2.8
HRK96112304,PRMUND,33.96483333,-33.96483333,23.54466667,29.69,8.42,390.23,0.17,0.44,2.8
TLE96092119,PRMUND,34.33483333,-34.33483333,18.93783333,24.48,10.17,474.61,0.22,0.42,3.61
OUT97020101,PRMUND,33.88333333,-33.88333333,22.99016667,31.46,6.64,369.14,0.1,0.43,1.43
OUT97020102,PRMUND,33.882,-33.882,22.993,31.46,6.64,369.14,0.1,0.43,1.43
OUT97020103,PRMUND,33.88016667,-33.88016667,22.98816667,31.46,6.64,369.14,0.1,0.43,1.43
OUT97030101,PRMUND,33.94416667,-33.94416667,22.59466667,30.83,7.26,348.05,0.08,0.43,2.07
AWA97021302,PRMUND,33.83,-33.83,22.82816667,31.46,6.64,369.14,0.1,0.43,1.43
AXG97022102,PRMUND,33.95983333,-33.95983333,23.53433333,29.69,8.42,390.23,0.17,0.44,2.8
AXG97022103,PRMUND,33.9685,-33.9685,23.53916667,29.69,8.42,390.23,0.17,0.44,2.8
AWA97031308,PRMUND,33.82283333,-33.82283333,22.81416667,31.46,6.64,369.14,0.1,0.43,1.43
AWA97031309,PRMUND,33.82216667,-33.82216667,22.81966667,31.46,6.64,369.14,0.1,0.43,1.43
DFJ97040103,PRMUND,33.60833333,-33.60833333,24.49166667,42.04,0.54,453.52,0.14,0.44,3.92
DFJ97040104,PRMUND,33.60083333,-33.60083333,24.5475,42.04,0.54,453.52,0.14,0.44,3.92
DFJ97040105,PRMUND,33.6,-33.6,24.55583333,42.04,0.54,453.52,0.14,0.44,3.92
DFJ97040106,PRMUND,33.59833333,-33.59833333,24.51166667,42.04,0.54,453.52,0.14,0.44,3.92
DOA97031601,PRMUND,33.93333333,-33.93333333,23.51883333,29.69,8.42,390.23,0.17,0.44,2.8
DOA97031602,PRMUND,33.932,-33.932,23.51883333,29.69,8.42,390.23,0.17,0.44,2.8
DOA97031603,PRMUND,33.93283333,-33.93283333,23.53116667,29.69,8.42,390.23,0.17,0.44,2.8
DOA97031604,PRMUND,33.9325,-33.9325,23.5365,29.69,8.42,390.23,0.17,0.44,2.8
DOA97031605,PRMUND,33.93466667,-33.93466667,23.53766667,29.69,8.42,390.23,0.17,0.44,2.8
DOA97031606,PRMUND,33.93283333,-33.93283333,23.54416667,29.69,8.42,390.23,0.17,0.44,2.8
DOA97031607,PRMUND,33.936,-33.936,23.543,29.69,8.42,390.23,0.17,0.44,2.8
DOA97031609,PRMUND,33.94016667,-33.94016667,23.55433333,29.69,8.42,390.23,0.17,0.44,2.8
DFJ97050406,PRMUND,33.98333333,-33.98333333,24.31333333,35.12,6.64,427.15,0.16,0.44,2.84
RDF97042304,PRMUND,33.69483333,-33.69483333,24.12483333,42.04,0.54,453.52,0.14,0.44,3.92
DFJ97052501,PRMUND,33.88166667,-33.88166667,25.185,34.44,8.8,421.88,0.15,0.43,2.87
DFJ97052503,PRMUND,33.88166667,-33.88166667,25.2,34.44,8.8,421.88,0.15,0.43,2.87
WIJ97040104,PRMUND,33.58333333,-33.58333333,24.51166667,42.04,0.54,453.52,0.14,0.44,3.92
WIJ97040107,PRMUND,33.6,-33.6,24.535,42.04,0.54,453.52,0.14,0.44,3.92
MCG97052501,PRMUND,33.881,-33.881,25.19466667,34.44,8.8,421.88,0.15,0.43,2.87
MCG97052502,PRMUND,33.8865,-33.8865,25.20483333,34.44,8.8,421.88,0.15,0.43,2.87
MCG97060102,PRMUND,33.84916667,-33.84916667,25.13983333,34.44,8.8,421.88,0.15,0.43,2.87
OBK97061501,PRMUND,33.90183333,-33.90183333,23.65916667,29.69,8.42,390.23,0.17,0.44,2.8
OBK97061505,PRMUND,33.90583333,-33.90583333,23.707,29.69,8.42,390.23,0.17,0.44,2.8
DFJ97061801,PRMUND,33.88083333,-33.88083333,25.19166667,34.44,8.8,421.88,0.15,0.43,2.87
CSS97070602,PRMUND,33.905,-33.905,23.6555,29.69,8.42,390.23,0.17,0.44,2.8
DOA97070809,PRMUND,33.64783333,-33.64783333,24.7935,42.57,2.58,511.52,0.16,0.41,3.06
MCG97071301,PRMUND,33.70583333,-33.70583333,23.99683333,38.85,-0.38,442.97,0.17,0.41,3.3
NGF97092006,PRMUND,33.85083333,-33.85083333,23.68183333,29.69,8.42,390.23,0.17,0.44,2.8
NGF97092003,PRMUND,33.864,-33.864,23.69783333,29.69,8.42,390.23,0.17,0.44,2.8
NGF97092001,PRMUND,33.85266667,-33.85266667,23.6805,29.69,8.42,390.23,0.17,0.44,2.8
AGR97080203,PRMUND,34.02483333,-34.02483333,24.43433333,35.12,6.64,427.15,0.16,0.44,2.84
AGR97080204,PRMUND,34.027,-34.027,24.442,35.12,6.64,427.15,0.16,0.44,2.84
AGR97080207,PRMUND,34.028,-34.028,24.46766667,35.12,6.64,427.15,0.16,0.44,2.84
MCG97091404,PRMUND,33.68733333,-33.68733333,24.979,42.57,2.58,511.52,0.16,0.41,3.06
MCG97091405,PRMUND,33.6955,-33.6955,24.978,42.57,2.58,511.52,0.16,0.41,3.06
MCG97091406,PRMUND,33.69016667,-33.69016667,24.965,42.57,2.58,511.52,0.16,0.41,3.06
MCG97091407,PRMUND,33.69183333,-33.69183333,24.95966667,42.57,2.58,511.52,0.16,0.41,3.06
AGR97080302,PRMUND,33.9105,-33.9105,23.46833333,29.69,8.42,390.23,0.17,0.44,2.8
AGR97080309,PRMUND,33.86216667,-33.86216667,23.50433333,29.69,8.42,390.23,0.17,0.44,2.8
AGR97080314,PRMUND,33.89283333,-33.89283333,23.49466667,29.69,8.42,390.23,0.17,0.44,2.8
AGR97080316,PRMUND,33.908,-33.908,23.4725,29.69,8.42,390.23,0.17,0.44,2.8
AGR97080402,PRMUND,33.96083333,-33.96083333,23.53166667,29.69,8.42,390.23,0.17,0.44,2.8
CVV97061501,PRMUND,33.93333333,-33.93333333,23.53333333,29.69,8.42,390.23,0.17,0.44,2.8
CVV97061502,PRMUND,33.93833333,-33.93833333,23.55516667,29.69,8.42,390.23,0.17,0.44,2.8
CVV97061503,PRMUND,33.93866667,-33.93866667,23.5595,29.69,8.42,390.23,0.17,0.44,2.8
CVV97061504,PRMUND,33.965,-33.965,23.64916667,29.69,8.42,390.23,0.17,0.44,2.8
DFJ97092005,PRMUND,33.825,-33.825,23.61666667,29.69,8.42,390.23,0.17,0.44,2.8
DFJ97092202,PRMUND,33.97833333,-33.97833333,24.2925,35.12,6.64,427.15,0.16,0.44,2.84
OUT97070603,PRMUND,33.8525,-33.8525,23.68333333,29.69,8.42,390.23,0.17,0.44,2.8
OUT97070604,PRMUND,33.84883333,-33.84883333,23.67983333,29.69,8.42,390.23,0.17,0.44,2.8
OUT97070605,PRMUND,33.84833333,-33.84833333,23.69166667,29.69,8.42,390.23,0.17,0.44,2.8
OUT97070608,PRMUND,33.83216667,-33.83216667,23.637,29.69,8.42,390.23,0.17,0.44,2.8
OUT97070609,PRMUND,33.83,-33.83,23.625,29.69,8.42,390.23,0.17,0.44,2.8
PVR97100104,PRMUND,34.3345,-34.3345,18.94866667,24.48,10.17,474.61,0.22,0.42,3.61
AGR97092001,PRMUND,33.81666667,-33.81666667,23.57833333,29.69,8.42,390.23,0.17,0.44,2.8
AGR97092004,PRMUND,33.8155,-33.8155,23.555,29.69,8.42,390.23,0.17,0.44,2.8
AGR97092008,PRMUND,33.8135,-33.8135,23.575,29.69,8.42,390.23,0.17,0.44,2.8
AGR97092009,PRMUND,33.81166667,-33.81166667,23.575,29.69,8.42,390.23,0.17,0.44,2.8
AGR97092010,PRMUND,33.8095,-33.8095,23.576,29.69,8.42,390.23,0.17,0.44,2.8
AGR97092011,PRMUND,33.80816667,-33.80816667,23.575,29.69,8.42,390.23,0.17,0.44,2.8
AGR97092012,PRMUND,33.811,-33.811,23.57883333,29.69,8.42,390.23,0.17,0.44,2.8
AGR97092013,PRMUND,33.8095,-33.8095,23.5795,29.69,8.42,390.23,0.17,0.44,2.8
AGR97092014,PRMUND,33.811,-33.811,23.585,29.69,8.42,390.23,0.17,0.44,2.8
AGR97092016,PRMUND,33.81216667,-33.81216667,23.58783333,29.69,8.42,390.23,0.17,0.44,2.8
AGR97092017,PRMUND,33.81483333,-33.81483333,23.5905,29.69,8.42,390.23,0.17,0.44,2.8
AGR97092018,PRMUND,33.817,-33.817,23.5945,29.69,8.42,390.23,0.17,0.44,2.8
PVR97092001,PRMUND,33.81666667,-33.81666667,23.5755,29.69,8.42,390.23,0.17,0.44,2.8
PVR97092003,PRMUND,33.84816667,-33.84816667,23.63433333,29.69,8.42,390.23,0.17,0.44,2.8
PVR97092006,PRMUND,33.85016667,-33.85016667,23.64033333,29.69,8.42,390.23,0.17,0.44,2.8
PVR97092010,PRMUND,33.843,-33.843,23.653,29.69,8.42,390.23,0.17,0.44,2.8
PVR97092011,PRMUND,33.8415,-33.8415,23.64616667,29.69,8.42,390.23,0.17,0.44,2.8
DFJ97101806,PRMUND,33.71583333,-33.71583333,23.99333333,38.85,-0.38,442.97,0.17,0.41,3.3
MCG97092004,PRMUND,33.83833333,-33.83833333,23.6355,29.69,8.42,390.23,0.17,0.44,2.8
MCG97092005,PRMUND,33.84283333,-33.84283333,23.63916667,29.69,8.42,390.23,0.17,0.44,2.8
MCG97092006,PRMUND,33.84766667,-33.84766667,23.63916667,29.69,8.42,390.23,0.17,0.44,2.8
MCG97092201,PRMUND,33.83833333,-33.83833333,23.6435,29.69,8.42,390.23,0.17,0.44,2.8
MCG97092202,PRMUND,33.83466667,-33.83466667,23.63916667,29.69,8.42,390.23,0.17,0.44,2.8
MCG97101902,PRMUND,33.69633333,-33.69633333,24.00333333,38.85,-0.38,442.97,0.17,0.41,3.3
PVR97092203,PRMUND,33.967,-33.967,24.2705,35.12,6.64,427.15,0.16,0.44,2.84
SAS97092001,PRMUND,33.84433333,-33.84433333,23.63566667,29.69,8.42,390.23,0.17,0.44,2.8
SMR97092001,PRMUND,33.8185,-33.8185,23.56116667,29.69,8.42,390.23,0.17,0.44,2.8
SMR97092002,PRMUND,33.8155,-33.8155,23.5695,29.69,8.42,390.23,0.17,0.44,2.8
SMR97092004,PRMUND,33.81033333,-33.81033333,23.59283333,29.69,8.42,390.23,0.17,0.44,2.8
SMR97092005,PRMUND,33.79416667,-33.79416667,23.58833333,29.69,8.42,390.23,0.17,0.44,2.8
TLE97092001,PRMUND,33.83833333,-33.83833333,23.63333333,29.69,8.42,390.23,0.17,0.44,2.8
WIJ97092001,PRMUND,33.85,-33.85,23.6785,29.69,8.42,390.23,0.17,0.44,2.8
LYM97092001,PRMUND,33.817,-33.817,23.58833333,29.69,8.42,390.23,0.17,0.44,2.8
LYM97092003,PRMUND,33.82483333,-33.82483333,23.5855,29.69,8.42,390.23,0.17,0.44,2.8
LYM97092004,PRMUND,33.82833333,-33.82833333,23.59733333,29.69,8.42,390.23,0.17,0.44,2.8
NGF97092201,PRMUND,33.964,-33.964,24.30116667,35.12,6.64,427.15,0.16,0.44,2.84
NGF97092204,PRMUND,33.97066667,-33.97066667,24.29716667,35.12,6.64,427.15,0.16,0.44,2.84
NGF97092205,PRMUND,33.976,-33.976,24.29216667,35.12,6.64,427.15,0.16,0.44,2.84
DFJ97092001,PRMUND,33.83333333,-33.83333333,23.62916667,29.69,8.42,390.23,0.17,0.44,2.8
SAS97092204,PRMUND,33.97516667,-33.97516667,24.29783333,35.12,6.64,427.15,0.16,0.44,2.84
WIJ97092201,PRMUND,33.96583333,-33.96583333,24.26616667,35.12,6.64,427.15,0.16,0.44,2.84
WIJ97092203,PRMUND,33.977,-33.977,24.295,35.12,6.64,427.15,0.16,0.44,2.84
BMJ97110902,PRMUND,33.59083333,-33.59083333,24.83416667,42.57,2.58,511.52,0.16,0.41,3.06
JCJ97033001,PRMUND,33.59,-33.59,24.818,42.57,2.58,511.52,0.16,0.41,3.06
JCJ97040103,PRMUND,33.58833333,-33.58833333,24.76666667,42.57,2.58,511.52,0.16,0.41,3.06
JCJ97040104,PRMUND,33.59666667,-33.59666667,24.76333333,42.57,2.58,511.52,0.16,0.41,3.06
JCJ97071201,PRMUND,33.71,-33.71,24.00666667,38.85,-0.38,442.97,0.17,0.41,3.3
SML97092203,PRMUND,33.99866667,-33.99866667,24.41283333,35.12,6.64,427.15,0.16,0.44,2.84
SML97092204,PRMUND,34.00266667,-34.00266667,24.41383333,35.12,6.64,427.15,0.16,0.44,2.84
JCJ97091401,PRMUND,33.69,-33.69,24.96333333,42.57,2.58,511.52,0.16,0.41,3.06
JCJ97091402,PRMUND,33.7,-33.7,24.94833333,42.57,2.58,511.52,0.16,0.41,3.06
JCJ97101902,PRMUND,33.68333333,-33.68333333,24.00666667,38.85,-0.38,442.97,0.17,0.41,3.3
JCJ97101903,PRMUND,33.68,-33.68,23.99333333,38.85,-0.38,442.97,0.17,0.41,3.3
JCJ97102002,PRMUND,33.65833333,-33.65833333,23.9975,38.85,-0.38,442.97,0.17,0.41,3.3
DFJ97120605,PRMUND,33.59166667,-33.59166667,24.42333333,42.04,0.54,453.52,0.14,0.44,3.92
DFJ97120706,PRMUND,33.59833333,-33.59833333,24.39833333,42.04,0.54,453.52,0.14,0.44,3.92
DFJ97120707,PRMUND,33.5975,-33.5975,24.39,42.04,0.54,453.52,0.14,0.44,3.92
MCG97120601,PRMUND,33.5905,-33.5905,24.39083333,42.04,0.54,453.52,0.14,0.44,3.92
MCG97120602,PRMUND,33.58866667,-33.58866667,24.39833333,42.04,0.54,453.52,0.14,0.44,3.92
MCG97120604,PRMUND,33.59416667,-33.59416667,24.42583333,42.04,0.54,453.52,0.14,0.44,3.92
DOA97122903,PRMUND,34.074,-34.074,23.29033333,31.46,6.64,369.14,0.1,0.43,1.43
DOA97122906,PRMUND,34.069,-34.069,23.26666667,31.46,6.64,369.14,0.1,0.43,1.43
DOA97122907,PRMUND,34.06283333,-34.06283333,23.2635,31.46,6.64,369.14,0.1,0.43,1.43
SHR98020702,PRMUND,34.2745,-34.2745,18.90833333,24.48,10.17,474.61,0.22,0.42,3.61
TLE97050401,PRMUND,34.32183333,-34.32183333,18.9645,24.48,10.17,474.61,0.22,0.42,3.61
WMP97092001,PRMUND,33.84033333,-33.84033333,23.63433333,29.69,8.42,390.23,0.17,0.44,2.8
WMP97092002,PRMUND,33.85233333,-33.85233333,23.63333333,29.69,8.42,390.23,0.17,0.44,2.8
WMP97092003,PRMUND,33.85333333,-33.85333333,23.643,29.69,8.42,390.23,0.17,0.44,2.8
WMP97092204,PRMUND,33.96716667,-33.96716667,24.29383333,35.12,6.64,427.15,0.16,0.44,2.84
NSC98012601,PRMUND,33.84633333,-33.84633333,22.67116667,30.83,7.26,348.05,0.08,0.43,2.07
NSC98013102,PRMUND,33.84233333,-33.84233333,22.66,30.83,7.26,348.05,0.08,0.43,2.07
NSC98013103,PRMUND,33.8405,-33.8405,22.65116667,30.83,7.26,348.05,0.08,0.43,2.07
NSC98013105,PRMUND,33.83516667,-33.83516667,22.64566667,30.83,7.26,348.05,0.08,0.43,2.07
NSC98013106,PRMUND,33.82616667,-33.82616667,22.65533333,30.83,7.26,348.05,0.08,0.43,2.07
AGR98020711,PRMUND,34.2685,-34.2685,18.91283333,24.48,10.17,474.61,0.22,0.42,3.61
AGR98020712,PRMUND,34.27116667,-34.27116667,18.90616667,24.48,10.17,474.61,0.22,0.42,3.61
AGR98020713,PRMUND,34.278,-34.278,18.91833333,24.48,10.17,474.61,0.22,0.42,3.61
DFJ98032101,PRMUND,33.84333333,-33.84333333,22.665,30.83,7.26,348.05,0.08,0.43,2.07
DFJ98032102,PRMUND,33.84,-33.84,22.65416667,30.83,7.26,348.05,0.08,0.43,2.07
DFJ98032103,PRMUND,33.84416667,-33.84416667,22.645,30.83,7.26,348.05,0.08,0.43,2.07
DFJ98032104,PRMUND,33.85,-33.85,22.64,30.83,7.26,348.05,0.08,0.43,2.07
BMJ98042701,PRMUND,33.715,-33.715,23.96833333,38.85,-0.38,442.97,0.17,0.41,3.3
DFJ98042503,PRMUND,33.57083333,-33.57083333,24.88166667,42.57,2.58,511.52,0.16,0.41,3.06
DFJ98042504,PRMUND,33.57666667,-33.57666667,24.8775,42.57,2.58,511.52,0.16,0.41,3.06
DFJ98042506,PRMUND,33.57666667,-33.57666667,24.85916667,42.57,2.58,511.52,0.16,0.41,3.06
DFJ98042507,PRMUND,33.57583333,-33.57583333,24.84833333,42.57,2.58,511.52,0.16,0.41,3.06
DFJ98042508,PRMUND,33.57583333,-33.57583333,24.93416667,42.57,2.58,511.52,0.16,0.41,3.06
DFJ98042509,PRMUND,33.575,-33.575,24.82083333,42.57,2.58,511.52,0.16,0.41,3.06
DFJ98042510,PRMUND,33.57083333,-33.57083333,24.81333333,42.57,2.58,511.52,0.16,0.41,3.06
JID98032801,PRMUND,34.32066667,-34.32066667,18.9645,24.48,10.17,474.61,0.22,0.42,3.61
AGR98041107,PRMUND,34.32933333,-34.32933333,19.00316667,24.48,10.17,474.61,0.22,0.42,3.61
DFJ98051703,PRMUND,33.73666667,-33.73666667,25.18333333,42.57,2.58,511.52,0.16,0.41,3.06
MCG98052505,PRMUND,33.87116667,-33.87116667,25.19466667,34.44,8.8,421.88,0.15,0.43,2.87
MCG98052507,PRMUND,33.88066667,-33.88066667,25.201,34.44,8.8,421.88,0.15,0.43,2.87
MCG98052703,PRMUND,33.88783333,-33.88783333,25.26233333,34.44,8.8,421.88,0.15,0.43,2.87
MHG97122201,PRMUND,33.97216667,-33.97216667,23.553,29.69,8.42,390.23,0.17,0.44,2.8
MHG98051401,PRMUND,33.88833333,-33.88833333,22.97966667,31.46,6.64,369.14,0.1,0.43,1.43
NAH98052301,PRMUND,34.40133333,-34.40133333,19.414,29.51,6.87,363.87,0.14,0.41,3.67
DOA98052611,PRMUND,33.81816667,-33.81816667,22.90866667,31.46,6.64,369.14,0.1,0.43,1.43
AWA98071302,PRMUND,33.77283333,-33.77283333,23.16266667,31.46,6.64,369.14,0.1,0.43,1.43
AWA98071303,PRMUND,33.76866667,-33.76866667,23.16416667,31.46,6.64,369.14,0.1,0.43,1.43
AWA98071304,PRMUND,33.7685,-33.7685,23.166,31.46,6.64,369.14,0.1,0.43,1.43
KBR98052802,PRMUND,33.82416667,-33.82416667,22.90383333,31.46,6.64,369.14,0.1,0.43,1.43
KBR98052803,PRMUND,33.82033333,-33.82033333,22.89666667,31.46,6.64,369.14,0.1,0.43,1.43
KBR98052804,PRMUND,33.8175,-33.8175,22.89833333,31.46,6.64,369.14,0.1,0.43,1.43
KBR98071301,PRMUND,33.83466667,-33.83466667,22.92366667,31.46,6.64,369.14,0.1,0.43,1.43
WIJ98072505,PRMUND,34.39166667,-34.39166667,19.32666667,29.51,6.87,363.87,0.14,0.41,3.67
JID98072501,PRMUND,34.3905,-34.3905,19.35166667,29.51,6.87,363.87,0.14,0.41,3.67
JID98072502,PRMUND,34.38866667,-34.38866667,19.3505,29.51,6.87,363.87,0.14,0.41,3.67
JID98072503,PRMUND,34.38666667,-34.38666667,19.34683333,29.51,6.87,363.87,0.14,0.41,3.67
JID98072504,PRMUND,34.38633333,-34.38633333,19.34033333,29.51,6.87,363.87,0.14,0.41,3.67
AGR98072907,PRMUND,34.4055,-34.4055,19.68033333,29.51,6.87,363.87,0.14,0.41,3.67
BSM98080902,PRMUND,33.62316667,-33.62316667,25.19616667,42.57,2.58,511.52,0.16,0.41,3.06
OUT98031401,PRMUND,33.81233333,-33.81233333,22.91866667,31.46,6.64,369.14,0.1,0.43,1.43
BSM98092703,PRMUND,33.6655,-33.6655,25.25,42.57,2.58,511.52,0.16,0.41,3.06
PVR98111201,PRMUND,33.968,-33.968,23.54066667,29.69,8.42,390.23,0.17,0.44,2.8
PVR98111306,PRMUND,33.77433333,-33.77433333,23.14433333,31.46,6.64,369.14,0.1,0.43,1.43
PVR98111307,PRMUND,33.76566667,-33.76566667,23.13983333,31.46,6.64,369.14,0.1,0.43,1.43
PVR98111308,PRMUND,33.7555,-33.7555,23.16033333,31.46,6.64,369.14,0.1,0.43,1.43
PVR98111309,PRMUND,33.74833333,-33.74833333,23.1705,38.52,-0.79,516.8,0.11,0.48,3.55
JDJ98071301,PRMUND,33.81166667,-33.81166667,22.88633333,31.46,6.64,369.14,0.1,0.43,1.43
JDJ98071305,PRMUND,33.81683333,-33.81683333,22.907,31.46,6.64,369.14,0.1,0.43,1.43
DEB95051601,PRMUND,33.66616667,-33.66616667,23.76433333,38.85,-0.38,442.97,0.17,0.41,3.3
DEB95051801,PRMUND,33.70966667,-33.70966667,24.01016667,38.85,-0.38,442.97,0.17,0.41,3.3
DEB95051901,PRMUND,33.69183333,-33.69183333,24.00433333,38.85,-0.38,442.97,0.17,0.41,3.3
DEB95052401,PRMUND,33.59733333,-33.59733333,24.559,42.04,0.54,453.52,0.14,0.44,3.92
DEB95052403,PRMUND,33.60683333,-33.60683333,24.563,42.04,0.54,453.52,0.14,0.44,3.92
DEB95052404,PRMUND,33.61033333,-33.61033333,24.56483333,42.04,0.54,453.52,0.14,0.44,3.92
DFJ98112802,PRMUND,33.83333333,-33.83333333,22.72666667,30.83,7.26,348.05,0.08,0.43,2.07
MCG98110802,PRMUND,33.59283333,-33.59283333,25.01183333,42.57,2.58,511.52,0.16,0.41,3.06
MCG98110803,PRMUND,33.58833333,-33.58833333,25.00583333,42.57,2.58,511.52,0.16,0.41,3.06
FMD98112801,PRMUND,33.8275,-33.8275,22.72916667,30.83,7.26,348.05,0.08,0.43,2.07
BMJ98121301,PRMUND,33.59133333,-33.59133333,24.9475,42.57,2.58,511.52,0.16,0.41,3.06
MCG98112801,PRMUND,33.8315,-33.8315,22.72533333,30.83,7.26,348.05,0.08,0.43,2.07
MCG98112802,PRMUND,33.82433333,-33.82433333,22.722,30.83,7.26,348.05,0.08,0.43,2.07
MCG98121304,PRMUND,33.59016667,-33.59016667,24.94083333,42.57,2.58,511.52,0.16,0.41,3.06
MCG98121305,PRMUND,33.59166667,-33.59166667,24.9565,42.57,2.58,511.52,0.16,0.41,3.06
IVM98103003,PRMUND,33.81033333,-33.81033333,22.9495,31.46,6.64,369.14,0.1,0.43,1.43
IVM98103004,PRMUND,33.80716667,-33.80716667,22.943,31.46,6.64,369.14,0.1,0.43,1.43
AGR98103003,PRMUND,33.80916667,-33.80916667,22.95166667,31.46,6.64,369.14,0.1,0.43,1.43
AGR98103004,PRMUND,33.80583333,-33.80583333,22.94916667,31.46,6.64,369.14,0.1,0.43,1.43
AGR98103005,PRMUND,33.8085,-33.8085,22.93283333,31.46,6.64,369.14,0.1,0.43,1.43
AGR98103006,PRMUND,33.7995,-33.7995,22.91133333,31.46,6.64,369.14,0.1,0.43,1.43
AGR98103014,PRMUND,33.7585,-33.7585,23.16116667,31.46,6.64,369.14,0.1,0.43,1.43
IVM98103006,PRMUND,33.75233333,-33.75233333,23.16866667,31.46,6.64,369.14,0.1,0.43,1.43
GRV98103003,PRMUND,33.80683333,-33.80683333,22.93916667,31.46,6.64,369.14,0.1,0.43,1.43
AWA99021109,PRMUND,33.9435,-33.9435,22.59216667,30.83,7.26,348.05,0.08,0.43,2.07
AWA99021110,PRMUND,33.94583333,-33.94583333,22.59633333,30.83,7.26,348.05,0.08,0.43,2.07
AWA99021111,PRMUND,33.948,-33.948,22.6,30.83,7.26,348.05,0.08,0.43,2.07
DFJ99012602,PRMUND,33.82916667,-33.82916667,22.82833333,31.46,6.64,369.14,0.1,0.43,1.43
DFJ99012603,PRMUND,33.82666667,-33.82666667,22.82166667,31.46,6.64,369.14,0.1,0.43,1.43
DFJ99012604,PRMUND,33.82333333,-33.82333333,22.82083333,31.46,6.64,369.14,0.1,0.43,1.43
DFJ99012609,PRMUND,33.82666667,-33.82666667,22.6575,30.83,7.26,348.05,0.08,0.43,2.07
DFJ99012611,PRMUND,33.83916667,-33.83916667,22.64833333,30.83,7.26,348.05,0.08,0.43,2.07
DFJ99022601,PRMUND,33.90333333,-33.90333333,23.00333333,31.46,6.64,369.14,0.1,0.43,1.43
WIJ99030101,PRMUND,34.055,-34.055,23.105,31.46,6.64,369.14,0.1,0.43,1.43
APE99030701,PRMUND,34.05583333,-34.05583333,18.8705,33.55,6.06,506.25,0.19,0.45,3.49
FMD99030401,PRMUND,33.87333333,-33.87333333,23.00833333,31.46,6.64,369.14,0.1,0.43,1.43
JCJ99032102,PRMUND,33.67333333,-33.67333333,23.78666667,38.85,-0.38,442.97,0.17,0.41,3.3
SHR99032101,PRMUND,34.39116667,-34.39116667,19.32666667,29.51,6.87,363.87,0.14,0.41,3.67
DFJ99032201,PRMUND,33.66333333,-33.66333333,23.76416667,38.85,-0.38,442.97,0.17,0.41,3.3
FMD99032201,PRMUND,33.66133333,-33.66133333,23.76666667,38.85,-0.38,442.97,0.17,0.41,3.3
MCG99041104,PRMUND,33.59233333,-33.59233333,24.88333333,42.57,2.58,511.52,0.16,0.41,3.06
BSM99032102,PRMUND,33.66766667,-33.66766667,23.79466667,38.85,-0.38,442.97,0.17,0.41,3.3
BSM99032103,PRMUND,33.67516667,-33.67516667,23.8005,38.85,-0.38,442.97,0.17,0.41,3.3
DFJ99050202,PRMUND,33.87,-33.87,23.73083333,29.69,8.42,390.23,0.17,0.44,2.8
FMD99062702,PRMUND,33.92333333,-33.92333333,23.80566667,29.69,8.42,390.23,0.17,0.44,2.8
JBB94010405,PRMUND,33.68666667,-33.68666667,23.98133333,38.85,-0.38,442.97,0.17,0.41,3.3
JBB94010502,PRMUND,33.695,-33.695,24.00533333,38.85,-0.38,442.97,0.17,0.41,3.3
JBB98121901,PRMUND,33.67833333,-33.67833333,23.993,38.85,-0.38,442.97,0.17,0.41,3.3
JBB98121902,PRMUND,33.675,-33.675,24,38.85,-0.38,442.97,0.17,0.41,3.3
JBB98122001,PRMUND,33.68966667,-33.68966667,24,38.85,-0.38,442.97,0.17,0.41,3.3
JBB98122002,PRMUND,33.69666667,-33.69666667,24.005,38.85,-0.38,442.97,0.17,0.41,3.3
AWA99080503,PRMUND,33.94466667,-33.94466667,22.59266667,30.83,7.26,348.05,0.08,0.43,2.07
OUT99011602,PRMUND,33.92466667,-33.92466667,22.516,30.83,7.26,348.05,0.08,0.43,2.07
OUT99070304,PRMUND,33.82433333,-33.82433333,22.9065,31.46,6.64,369.14,0.1,0.43,1.43
OUT99070306,PRMUND,33.82166667,-33.82166667,22.9,31.46,6.64,369.14,0.1,0.43,1.43
OUT99070307,PRMUND,33.81866667,-33.81866667,22.89833333,31.46,6.64,369.14,0.1,0.43,1.43
OUT99070308,PRMUND,33.81666667,-33.81666667,22.91016667,31.46,6.64,369.14,0.1,0.43,1.43
OUT99070309,PRMUND,33.81866667,-33.81866667,22.90216667,31.46,6.64,369.14,0.1,0.43,1.43
OUT99070310,PRMUND,33.81816667,-33.81816667,22.90616667,31.46,6.64,369.14,0.1,0.43,1.43
JWI99072002,PRMUND,33.82316667,-33.82316667,22.86916667,31.46,6.64,369.14,0.1,0.43,1.43
KBR99072001,PRMUND,33.82166667,-33.82166667,22.85816667,31.46,6.64,369.14,0.1,0.43,1.43
KBR99072002,PRMUND,33.82133333,-33.82133333,22.8605,31.46,6.64,369.14,0.1,0.43,1.43
KBR99072003,PRMUND,33.82133333,-33.82133333,22.8615,31.46,6.64,369.14,0.1,0.43,1.43
KBR99072004,PRMUND,33.82166667,-33.82166667,22.86583333,31.46,6.64,369.14,0.1,0.43,1.43
JDJ99071301,PRMUND,33.81866667,-33.81866667,22.86866667,31.46,6.64,369.14,0.1,0.43,1.43
JDJ99071302,PRMUND,33.82116667,-33.82116667,22.86533333,31.46,6.64,369.14,0.1,0.43,1.43
JDJ99071303,PRMUND,33.81783333,-33.81783333,22.872,31.46,6.64,369.14,0.1,0.43,1.43
JDJ99071902,PRMUND,33.81866667,-33.81866667,22.87183333,31.46,6.64,369.14,0.1,0.43,1.43
JDJ99071903,PRMUND,33.81833333,-33.81833333,22.87083333,31.46,6.64,369.14,0.1,0.43,1.43
JDJ99071904,PRMUND,33.821,-33.821,22.86583333,31.46,6.64,369.14,0.1,0.43,1.43
NGF99082406,PRMUND,33.92216667,-33.92216667,22.51633333,30.83,7.26,348.05,0.08,0.43,2.07
DFJ99091702,PRMUND,34.32333333,-34.32333333,19.03666667,24.48,10.17,474.61,0.22,0.42,3.61
WEL99061301,PRMUND,33.9675,-33.9675,23.64833333,29.69,8.42,390.23,0.17,0.44,2.8
SMR99102901,PRMUND,34.24216667,-34.24216667,19.1035,36.73,1.57,458.79,0.16,0.45,3.73
GED99102803,PRMUND,34.35833333,-34.35833333,18.96833333,24.48,10.17,474.61,0.22,0.42,3.61
OUT99112001,PRMUND,33.59866667,-33.59866667,24.51033333,42.04,0.54,453.52,0.14,0.44,3.92
OUT99112004,PRMUND,33.60083333,-33.60083333,24.5575,42.04,0.54,453.52,0.14,0.44,3.92
OUT97112905,PRMUND,33.86333333,-33.86333333,23.6895,29.69,8.42,390.23,0.17,0.44,2.8
OUT98013101,PRMUND,33.84233333,-33.84233333,22.6585,30.83,7.26,348.05,0.08,0.43,2.07
AGR99120817,PRMUND,34.33283333,-34.33283333,18.94683333,24.48,10.17,474.61,0.22,0.42,3.61
AGR99120818,PRMUND,34.334,-34.334,18.94983333,24.48,10.17,474.61,0.22,0.42,3.61
AGRY0010706,PRMUND,34.42933333,-34.42933333,19.63666667,29.51,6.87,363.87,0.14,0.41,3.67
AGRY0011602,PRMUND,33.9825,-33.9825,18.43283333,25.9,11.12,374.41,0.22,0.34,3.64
HRK97051402,PRMUND,33.92033333,-33.92033333,23.77533333,29.69,8.42,390.23,0.17,0.44,2.8
HRK97051404,PRMUND,33.92116667,-33.92116667,23.78116667,29.69,8.42,390.23,0.17,0.44,2.8
MCG99122605,PRMUND,33.87066667,-33.87066667,25.19016667,34.44,8.8,421.88,0.15,0.43,2.87
LKA99110902,PRMUND,34.39233333,-34.39233333,19.32583333,29.51,6.87,363.87,0.14,0.41,3.67
LKA99110906,PRMUND,34.3865,-34.3865,19.33716667,29.51,6.87,363.87,0.14,0.41,3.67
AMM99121902,PRMUND,34.4,-34.4,19.17466667,29.51,6.87,363.87,0.14,0.41,3.67
MAJY0012301,PRMUND,34.26083333,-34.26083333,18.91666667,24.48,10.17,474.61,0.22,0.42,3.61
AGRY0031202,PRMUND,34.05366667,-34.05366667,18.87566667,33.55,6.06,506.25,0.19,0.45,3.49
AGRY0031204,PRMUND,34.0595,-34.0595,18.87716667,33.55,6.06,506.25,0.19,0.45,3.49
HRKY0012801,PRMUND,33.97116667,-33.97116667,23.18816667,31.46,6.64,369.14,0.1,0.43,1.43
HRKY0022501,PRMUND,33.97066667,-33.97066667,23.21566667,31.46,6.64,369.14,0.1,0.43,1.43
HRKY0022502,PRMUND,33.968,-33.968,23.21666667,31.46,6.64,369.14,0.1,0.43,1.43
SML97092001,PRMUND,33.8605,-33.8605,23.685,29.69,8.42,390.23,0.17,0.44,2.8
MCGY0051302,PRMUND,33.69416667,-33.69416667,25.09083333,42.57,2.58,511.52,0.16,0.41,3.06
AGRY0062701,PRMUND,33.9585,-33.9585,23.56766667,29.69,8.42,390.23,0.17,0.44,2.8
AGRY0062702,PRMUND,33.95583333,-33.95583333,23.571,29.69,8.42,390.23,0.17,0.44,2.8
AGRY0062801,PRMUND,33.92483333,-33.92483333,23.61716667,29.69,8.42,390.23,0.17,0.44,2.8
AGRY0062805,PRMUND,33.92116667,-33.92116667,23.63433333,29.69,8.42,390.23,0.17,0.44,2.8
AGRY0062902,PRMUND,33.914,-33.914,23.63383333,29.69,8.42,390.23,0.17,0.44,2.8
AGRY0062903,PRMUND,33.90983333,-33.90983333,23.63433333,29.69,8.42,390.23,0.17,0.44,2.8
AGRY0062906,PRMUND,33.904,-33.904,23.65483333,29.69,8.42,390.23,0.17,0.44,2.8
AGRY0062907,PRMUND,33.902,-33.902,23.658,29.69,8.42,390.23,0.17,0.44,2.8
AGRY0062908,PRMUND,33.90033333,-33.90033333,23.66166667,29.69,8.42,390.23,0.17,0.44,2.8
AGRY0062917,PRMUND,33.9105,-33.9105,23.715,29.69,8.42,390.23,0.17,0.44,2.8
AGRY0063007,PRMUND,33.92433333,-33.92433333,23.73016667,29.69,8.42,390.23,0.17,0.44,2.8
AGRY0070202,PRMUND,33.782,-33.782,25.08166667,34.44,8.8,421.88,0.15,0.43,2.87
AGRY0070203,PRMUND,33.77966667,-33.77966667,25.086,34.44,8.8,421.88,0.15,0.43,2.87
AGRY0070219,PRMUND,33.78333333,-33.78333333,25.13016667,34.44,8.8,421.88,0.15,0.43,2.87
AGRY0070220,PRMUND,33.78466667,-33.78466667,25.13383333,34.44,8.8,421.88,0.15,0.43,2.87
AGRY0070256,PRMUND,33.7725,-33.7725,25.04783333,34.44,8.8,421.88,0.15,0.43,2.87
AGRY0070261,PRMUND,33.75533333,-33.75533333,25.03783333,34.44,8.8,421.88,0.15,0.43,2.87
AGRY0070262,PRMUND,33.75266667,-33.75266667,25.03783333,34.44,8.8,421.88,0.15,0.43,2.87
AGRY0070265,PRMUND,33.7455,-33.7455,25.0635,42.57,2.58,511.52,0.16,0.41,3.06
AGRY0070273,PRMUND,33.75366667,-33.75366667,25.03016667,34.44,8.8,421.88,0.15,0.43,2.87
AGRY0070274,PRMUND,33.75183333,-33.75183333,25.0275,34.44,8.8,421.88,0.15,0.43,2.87
AGRY0070275,PRMUND,33.74816667,-33.74816667,25.02366667,42.57,2.58,511.52,0.16,0.41,3.06
AGRY0070277,PRMUND,33.74466667,-33.74466667,25.0195,42.57,2.58,511.52,0.16,0.41,3.06
AGRY0070285,PRMUND,33.80316667,-33.80316667,25.04783333,34.44,8.8,421.88,0.15,0.43,2.87
AGRY0070289,PRMUND,33.818,-33.818,25.06616667,34.44,8.8,421.88,0.15,0.43,2.87
AGRY0063008,PRMUND,33.9285,-33.9285,23.73016667,29.69,8.42,390.23,0.17,0.44,2.8
AGRY0070428,PRMUND,33.72566667,-33.72566667,24.95583333,42.57,2.58,511.52,0.16,0.41,3.06
AGRY0070434,PRMUND,33.754,-33.754,25.01116667,34.44,8.8,421.88,0.15,0.43,2.87
AGRY0070435,PRMUND,33.75183333,-33.75183333,25.0145,34.44,8.8,421.88,0.15,0.43,2.87
AGRY0070436,PRMUND,33.74916667,-33.74916667,25.01833333,42.57,2.58,511.52,0.16,0.41,3.06
AGRY0070437,PRMUND,33.74916667,-33.74916667,25.0215,42.57,2.58,511.52,0.16,0.41,3.06
AGRY0070446,PRMUND,33.8505,-33.8505,25.17416667,34.44,8.8,421.88,0.15,0.43,2.87
AGRY0070450,PRMUND,33.85383333,-33.85383333,25.19483333,34.44,8.8,421.88,0.15,0.43,2.87
AGRY0070302,PRMUND,33.85766667,-33.85766667,25.18233333,34.44,8.8,421.88,0.15,0.43,2.87
AGRY0070303,PRMUND,33.86083333,-33.86083333,25.185,34.44,8.8,421.88,0.15,0.43,2.87
AGRY0070308,PRMUND,33.8685,-33.8685,25.19416667,34.44,8.8,421.88,0.15,0.43,2.87
AGRY0070309,PRMUND,33.87066667,-33.87066667,25.19683333,34.44,8.8,421.88,0.15,0.43,2.87
AGRY0070310,PRMUND,33.87433333,-33.87433333,25.19566667,34.44,8.8,421.88,0.15,0.43,2.87
AGRY0070311,PRMUND,33.87766667,-33.87766667,25.19683333,34.44,8.8,421.88,0.15,0.43,2.87
AGRY0070312,PRMUND,33.88083333,-33.88083333,25.19833333,34.44,8.8,421.88,0.15,0.43,2.87
AGRY0070315,PRMUND,33.85766667,-33.85766667,25.20966667,34.44,8.8,421.88,0.15,0.43,2.87
AGRY0070324,PRMUND,33.80633333,-33.80633333,25.15383333,34.44,8.8,421.88,0.15,0.43,2.87
AGRY0070325,PRMUND,33.86716667,-33.86716667,25.19216667,34.44,8.8,421.88,0.15,0.43,2.87
AGRY0070147,PRMUND,33.995,-33.995,24.21,35.12,6.64,427.15,0.16,0.44,2.84
AGRY0070148,PRMUND,33.9955,-33.9955,24.215,35.12,6.64,427.15,0.16,0.44,2.84
AGRY0070149,PRMUND,33.996,-33.996,24.2205,35.12,6.64,427.15,0.16,0.44,2.84
AGRY0070101,PRMUND,33.96983333,-33.96983333,23.68283333,29.69,8.42,390.23,0.17,0.44,2.8
AGRY0070102,PRMUND,33.97116667,-33.97116667,23.68766667,29.69,8.42,390.23,0.17,0.44,2.8
AGRY0070104,PRMUND,33.97116667,-33.97116667,23.69783333,29.69,8.42,390.23,0.17,0.44,2.8
SMRY0072607,PRMUND,34.036,-34.036,19.46016667,36.73,1.57,458.79,0.16,0.45,3.73
GNI95012104,PRMUND,34.03,-34.03,24.46883333,35.12,6.64,427.15,0.16,0.44,2.84
SMRY0060207,PRMUND,34.03516667,-34.03516667,19.34666667,36.73,1.57,458.79,0.16,0.45,3.73
GMCY0072301,PRMUND,33.70166667,-33.70166667,24.94666667,42.57,2.58,511.52,0.16,0.41,3.06
GMCY0072302,PRMUND,33.69833333,-33.69833333,24.96166667,42.57,2.58,511.52,0.16,0.41,3.06
GMCY0072303,PRMUND,33.69,-33.69,24.96166667,42.57,2.58,511.52,0.16,0.41,3.06
OUTY0080502,PRMUND,33.94316667,-33.94316667,22.5865,30.83,7.26,348.05,0.08,0.43,2.07
WIJY0101406,PRMUND,34.335,-34.335,18.94666667,24.48,10.17,474.61,0.22,0.42,3.61
AGRY0101202,PRMUND,33.922,-33.922,23.15,31.46,6.64,369.14,0.1,0.43,1.43
AGRY0101207,PRMUND,33.88733333,-33.88733333,23.16566667,31.46,6.64,369.14,0.1,0.43,1.43
AGRY0101208,PRMUND,33.8955,-33.8955,23.158,31.46,6.64,369.14,0.1,0.43,1.43
AMMY0101204,PRMUND,33.89116667,-33.89116667,23.164,31.46,6.64,369.14,0.1,0.43,1.43
GEKY0101201,PRMUND,33.9265,-33.9265,23.16016667,31.46,6.64,369.14,0.1,0.43,1.43
GEKY0101203,PRMUND,33.88916667,-33.88916667,23.1715,31.46,6.64,369.14,0.1,0.43,1.43
MAJY0112402,PRMUND,34.272,-34.272,18.908,24.48,10.17,474.61,0.22,0.42,3.61
OUTY0092201,PRMUND,33.825,-33.825,22.65716667,30.83,7.26,348.05,0.08,0.43,2.07
OUTY0092202,PRMUND,33.825,-33.825,22.65716667,30.83,7.26,348.05,0.08,0.43,2.07
OUTY0092203,PRMUND,33.83016667,-33.83016667,22.64816667,30.83,7.26,348.05,0.08,0.43,2.07
OUTY0092204,PRMUND,33.8355,-33.8355,22.64616667,30.83,7.26,348.05,0.08,0.43,2.07
OUTY0092205,PRMUND,33.85266667,-33.85266667,22.639,30.83,7.26,348.05,0.08,0.43,2.07
AGRY0122824,PRMUND,33.6315,-33.6315,24.8275,42.57,2.58,511.52,0.16,0.41,3.06
AGRY0122831,PRMUND,33.764,-33.764,25.06266667,34.44,8.8,421.88,0.15,0.43,2.87
AGRY0122832,PRMUND,33.763,-33.763,25.05866667,34.44,8.8,421.88,0.15,0.43,2.87
AGRY0121111,PRMUND,33.86533333,-33.86533333,23.357,31.46,6.64,369.14,0.1,0.43,1.43
AGRY0121112,PRMUND,33.86216667,-33.86216667,23.35,31.46,6.64,369.14,0.1,0.43,1.43
AGRY0121113,PRMUND,33.855,-33.855,23.32466667,31.46,6.64,369.14,0.1,0.43,1.43
AGRY0121114,PRMUND,33.85316667,-33.85316667,23.31983333,31.46,6.64,369.14,0.1,0.43,1.43
AGRY0121115,PRMUND,33.84916667,-33.84916667,23.30433333,31.46,6.64,369.14,0.1,0.43,1.43
NGFY0122806,PRMUND,33.64916667,-33.64916667,24.79266667,42.57,2.58,511.52,0.16,0.41,3.06
NGFY0122815,PRMUND,33.77916667,-33.77916667,25.08066667,34.44,8.8,421.88,0.15,0.43,2.87
NGFY0122817,PRMUND,33.75716667,-33.75716667,25.0785,34.44,8.8,421.88,0.15,0.43,2.87
NGFY0122818,PRMUND,33.75983333,-33.75983333,25.04133333,34.44,8.8,421.88,0.15,0.43,2.87
WIJY0122603,PRMUND,33.86166667,-33.86166667,25.18666667,34.44,8.8,421.88,0.15,0.43,2.87
WIJY0122808,PRMUND,33.59733333,-33.59733333,24.40083333,42.04,0.54,453.52,0.14,0.44,3.92
WIJY0122809,PRMUND,33.59433333,-33.59433333,24.395,42.04,0.54,453.52,0.14,0.44,3.92
WIJY0122907,PRMUND,33.58833333,-33.58833333,24.38283333,42.04,0.54,453.52,0.14,0.44,3.92
WIJY0122908,PRMUND,33.61133333,-33.61133333,24.40383333,42.04,0.54,453.52,0.14,0.44,3.92
AMMY0121004,PRMUND,33.77816667,-33.77816667,23.293,31.46,6.64,369.14,0.1,0.43,1.43
NGFY0122819,PRMUND,33.74683333,-33.74683333,25.05866667,42.57,2.58,511.52,0.16,0.41,3.06
TLEY0111109,PRMUND,34.32733333,-34.32733333,19,24.48,10.17,474.61,0.22,0.42,3.61
MCGY1012702,PRMUND,33.61333333,-33.61333333,24.49983333,42.04,0.54,453.52,0.14,0.44,3.92
MCGY1012703,PRMUND,33.61066667,-33.61066667,24.5025,42.04,0.54,453.52,0.14,0.44,3.92
AGRY0121202,PRMUND,33.777,-33.777,23.34733333,31.46,6.64,369.14,0.1,0.43,1.43
AGRY0121219,PRMUND,33.78016667,-33.78016667,23.33933333,31.46,6.64,369.14,0.1,0.43,1.43
AGRY0121225,PRMUND,33.78833333,-33.78833333,23.47466667,29.69,8.42,390.23,0.17,0.44,2.8
PINY0121001,PRMUND,33.77516667,-33.77516667,23.286,31.46,6.64,369.14,0.1,0.43,1.43
WIJY1020301,PRMUND,34.05333333,-34.05333333,18.87533333,33.55,6.06,506.25,0.19,0.45,3.49
WIJY1020708,PRMUND,34.333,-34.333,18.932,24.48,10.17,474.61,0.22,0.42,3.61
WIJY1020709,PRMUND,34.33466667,-34.33466667,18.947,24.48,10.17,474.61,0.22,0.42,3.61
AGRY0121307,PRMUND,33.81666667,-33.81666667,22.91733333,31.46,6.64,369.14,0.1,0.43,1.43
AGRY0121309,PRMUND,33.8185,-33.8185,22.91283333,31.46,6.64,369.14,0.1,0.43,1.43
AGRY0121310,PRMUND,33.81616667,-33.81616667,22.91116667,31.46,6.64,369.14,0.1,0.43,1.43
AGRY0121311,PRMUND,33.81983333,-33.81983333,22.90216667,31.46,6.64,369.14,0.1,0.43,1.43
AGRY0121312,PRMUND,33.81666667,-33.81666667,22.90116667,31.46,6.64,369.14,0.1,0.43,1.43
AGRY0121313,PRMUND,33.819,-33.819,22.8905,31.46,6.64,369.14,0.1,0.43,1.43
AGRY0121408,PRMUND,33.86483333,-33.86483333,23.15383333,31.46,6.64,369.14,0.1,0.43,1.43
AGRY0121414,PRMUND,33.86033333,-33.86033333,23.10216667,31.46,6.64,369.14,0.1,0.43,1.43
AMMY0121202,PRMUND,33.7775,-33.7775,23.33883333,31.46,6.64,369.14,0.1,0.43,1.43
AMMY0121203,PRMUND,33.77883333,-33.77883333,23.35166667,31.46,6.64,369.14,0.1,0.43,1.43
AMMY0121207,PRMUND,33.786,-33.786,23.43616667,31.46,6.64,369.14,0.1,0.43,1.43
AMMY0121208,PRMUND,33.78966667,-33.78966667,23.465,29.69,8.42,390.23,0.17,0.44,2.8
AMMY0121302,PRMUND,33.81616667,-33.81616667,22.94416667,31.46,6.64,369.14,0.1,0.43,1.43
AMMY0121306,PRMUND,33.79916667,-33.79916667,22.97416667,31.46,6.64,369.14,0.1,0.43,1.43
AMMY0121405,PRMUND,33.896,-33.896,23.1555,31.46,6.64,369.14,0.1,0.43,1.43
AMMY0121406,PRMUND,33.896,-33.896,23.064,31.46,6.64,369.14,0.1,0.43,1.43
PINY0121202,PRMUND,33.77433333,-33.77433333,23.33433333,31.46,6.64,369.14,0.1,0.43,1.43
PINY0121203,PRMUND,33.784,-33.784,23.3595,31.46,6.64,369.14,0.1,0.43,1.43
PINY0121207,PRMUND,33.78733333,-33.78733333,23.428,31.46,6.64,369.14,0.1,0.43,1.43
PINY0121208,PRMUND,33.786,-33.786,23.45916667,29.69,8.42,390.23,0.17,0.44,2.8
PINY0121301,PRMUND,33.81166667,-33.81166667,22.95,31.46,6.64,369.14,0.1,0.43,1.43
PINY0121302,PRMUND,33.81533333,-33.81533333,22.95166667,31.46,6.64,369.14,0.1,0.43,1.43
PINY0121307,PRMUND,33.81133333,-33.81133333,22.92166667,31.46,6.64,369.14,0.1,0.43,1.43
PINY0121308,PRMUND,33.81433333,-33.81433333,22.9225,31.46,6.64,369.14,0.1,0.43,1.43
PINY0121309,PRMUND,33.81666667,-33.81666667,22.90583333,31.46,6.64,369.14,0.1,0.43,1.43
PINY0121310,PRMUND,33.819,-33.819,22.90716667,31.46,6.64,369.14,0.1,0.43,1.43
PINY0121311,PRMUND,33.819,-33.819,22.8945,31.46,6.64,369.14,0.1,0.43,1.43
PINY0121312,PRMUND,33.8135,-33.8135,22.9095,31.46,6.64,369.14,0.1,0.43,1.43
PMRY0121203,PRMUND,33.77616667,-33.77616667,23.34416667,31.46,6.64,369.14,0.1,0.43,1.43
PMRY0121204,PRMUND,33.78016667,-33.78016667,23.3565,31.46,6.64,369.14,0.1,0.43,1.43
PMRY0121210,PRMUND,33.7865,-33.7865,23.45116667,29.69,8.42,390.23,0.17,0.44,2.8
SGAY0121202,PRMUND,33.7735,-33.7735,23.3295,31.46,6.64,369.14,0.1,0.43,1.43
SGAY0121206,PRMUND,33.78833333,-33.78833333,23.42533333,31.46,6.64,369.14,0.1,0.43,1.43
SGAY0121207,PRMUND,33.786,-33.786,23.44416667,29.69,8.42,390.23,0.17,0.44,2.8
SGAY0121208,PRMUND,33.79016667,-33.79016667,23.472,29.69,8.42,390.23,0.17,0.44,2.8
SGAY0121302,PRMUND,33.81616667,-33.81616667,22.94833333,31.46,6.64,369.14,0.1,0.43,1.43
SGAY0121306,PRMUND,33.80266667,-33.80266667,22.9715,31.46,6.64,369.14,0.1,0.43,1.43
SGAY0121406,PRMUND,33.86716667,-33.86716667,23.11616667,31.46,6.64,369.14,0.1,0.43,1.43
AMMY0121112,PRMUND,33.8595,-33.8595,23.33416667,31.46,6.64,369.14,0.1,0.43,1.43
AMMY0121113,PRMUND,33.85183333,-33.85183333,23.3145,31.46,6.64,369.14,0.1,0.43,1.43
PINY0121109,PRMUND,33.8645,-33.8645,23.35266667,31.46,6.64,369.14,0.1,0.43,1.43
PINY0121110,PRMUND,33.85816667,-33.85816667,23.34433333,31.46,6.64,369.14,0.1,0.43,1.43
PINY0121111,PRMUND,33.85716667,-33.85716667,23.329,31.46,6.64,369.14,0.1,0.43,1.43
PINY0121112,PRMUND,33.85233333,-33.85233333,23.31083333,31.46,6.64,369.14,0.1,0.43,1.43
PINY0122806,PRMUND,33.64766667,-33.64766667,24.79733333,42.57,2.58,511.52,0.16,0.41,3.06
PINY0122815,PRMUND,33.75833333,-33.75833333,25.04466667,34.44,8.8,421.88,0.15,0.43,2.87
SGAY0121111,PRMUND,33.8595,-33.8595,23.33916667,31.46,6.64,369.14,0.1,0.43,1.43
SGAY0121112,PRMUND,33.84916667,-33.84916667,23.307,31.46,6.64,369.14,0.1,0.43,1.43
SGAY0121113,PRMUND,33.8725,-33.8725,23.30316667,31.46,6.64,369.14,0.1,0.43,1.43
SGAY0122814,PRMUND,33.767,-33.767,25.07683333,34.44,8.8,421.88,0.15,0.43,2.87
SGAY0122815,PRMUND,33.75716667,-33.75716667,25.07683333,34.44,8.8,421.88,0.15,0.43,2.87
SGAY0122816,PRMUND,33.759,-33.759,25.05,34.44,8.8,421.88,0.15,0.43,2.87
SHRY0122807,PRMUND,33.64016667,-33.64016667,24.79983333,42.57,2.58,511.52,0.16,0.41,3.06
SHRY0122812,PRMUND,33.764,-33.764,25.07466667,34.44,8.8,421.88,0.15,0.43,2.87
SHRY0122813,PRMUND,33.76216667,-33.76216667,25.06583333,34.44,8.8,421.88,0.15,0.43,2.87
SHRY0122814,PRMUND,33.76083333,-33.76083333,25.03716667,34.44,8.8,421.88,0.15,0.43,2.87
MAJY1022701,PRMUND,34.27383333,-34.27383333,18.92466667,24.48,10.17,474.61,0.22,0.42,3.61
BHAY0122813,PRMUND,33.76083333,-33.76083333,25.05416667,34.44,8.8,421.88,0.15,0.43,2.87
TLE98041809,PRMUND,34.38433333,-34.38433333,19.31266667,29.51,6.87,363.87,0.14,0.41,3.67
GNIY1032921,PRMUND,33.859,-33.859,25.18283333,34.44,8.8,421.88,0.15,0.43,2.87
MAJY1032707,PRMUND,34.32033333,-34.32033333,18.872,24.48,10.17,474.61,0.22,0.42,3.61
MCGY1040801,PRMUND,33.73766667,-33.73766667,25.18283333,42.57,2.58,511.52,0.16,0.41,3.06
MCGY1040802,PRMUND,33.735,-33.735,25.182,42.57,2.58,511.52,0.16,0.41,3.06
IEBY1011714,PRMUND,33.7675,-33.7675,19.1505,36.73,1.57,458.79,0.16,0.45,3.73
NAHY1062001,PRMUND,34.24416667,-34.24416667,19.10266667,36.73,1.57,458.79,0.16,0.45,3.73
AGRY1070634,PRMUND,33.96983333,-33.96983333,23.43766667,29.69,8.42,390.23,0.17,0.44,2.8
AGRY1070804,PRMUND,33.972,-33.972,23.5495,29.69,8.42,390.23,0.17,0.44,2.8
NAHY1112802,PRMUND,33.59733333,-33.59733333,24.535,42.04,0.54,453.52,0.14,0.44,3.92
AGRY2011307,PRMUND,33.96533333,-33.96533333,23.49833333,29.69,8.42,390.23,0.17,0.44,2.8
AGRY2011308,PRMUND,33.96616667,-33.96616667,23.50433333,29.69,8.42,390.23,0.17,0.44,2.8
AGRY2011507,PRMUND,33.97033333,-33.97033333,23.58066667,29.69,8.42,390.23,0.17,0.44,2.8
AGRY2011508,PRMUND,33.9685,-33.9685,23.58383333,29.69,8.42,390.23,0.17,0.44,2.8
AGRY2011510,PRMUND,33.96433333,-33.96433333,23.5945,29.69,8.42,390.23,0.17,0.44,2.8
AGRY2011511,PRMUND,33.9635,-33.9635,23.60266667,29.69,8.42,390.23,0.17,0.44,2.8
AGRY2011512,PRMUND,33.9685,-33.9685,23.60483333,29.69,8.42,390.23,0.17,0.44,2.8
AGRY2011520,PRMUND,33.97383333,-33.97383333,23.58333333,29.69,8.42,390.23,0.17,0.44,2.8
AGRY2011613,PRMUND,34.02883333,-34.02883333,23.21833333,31.46,6.64,369.14,0.1,0.43,1.43
AGRY2011620,PRMUND,34.009,-34.009,23.2285,31.46,6.64,369.14,0.1,0.43,1.43
AGRY2011624,PRMUND,34.02883333,-34.02883333,23.18433333,31.46,6.64,369.14,0.1,0.43,1.43
AGRY2011718,PRMUND,34.08666667,-34.08666667,23.23166667,31.46,6.64,369.14,0.1,0.43,1.43
AGRY2011724,PRMUND,34.07383333,-34.07383333,23.24083333,31.46,6.64,369.14,0.1,0.43,1.43
AGRY2011803,PRMUND,33.914,-33.914,23.4435,29.69,8.42,390.23,0.17,0.44,2.8
AGRY2011804,PRMUND,33.90766667,-33.90766667,23.44466667,29.69,8.42,390.23,0.17,0.44,2.8
AGRY2011806,PRMUND,33.9085,-33.9085,23.45666667,29.69,8.42,390.23,0.17,0.44,2.8
AGRY2011808,PRMUND,33.912,-33.912,23.46716667,29.69,8.42,390.23,0.17,0.44,2.8
AGRY2011809,PRMUND,33.9095,-33.9095,23.47116667,29.69,8.42,390.23,0.17,0.44,2.8
AGRY2011810,PRMUND,33.90766667,-33.90766667,23.47666667,29.69,8.42,390.23,0.17,0.44,2.8
AGRY2011811,PRMUND,33.90266667,-33.90266667,23.48716667,29.69,8.42,390.23,0.17,0.44,2.8
AGRY2011813,PRMUND,33.89316667,-33.89316667,23.4895,29.69,8.42,390.23,0.17,0.44,2.8
AGRY2011833,PRMUND,33.85633333,-33.85633333,23.58383333,29.69,8.42,390.23,0.17,0.44,2.8
AGRY2011834,PRMUND,33.86133333,-33.86133333,23.58383333,29.69,8.42,390.23,0.17,0.44,2.8
AGRY2011836,PRMUND,33.84816667,-33.84816667,23.55433333,29.69,8.42,390.23,0.17,0.44,2.8
AGRY2011837,PRMUND,33.84416667,-33.84416667,23.55266667,29.69,8.42,390.23,0.17,0.44,2.8
AGRY2011838,PRMUND,33.83933333,-33.83933333,23.55,29.69,8.42,390.23,0.17,0.44,2.8
AGRY2011839,PRMUND,33.837,-33.837,23.54883333,29.69,8.42,390.23,0.17,0.44,2.8
AGRY2011840,PRMUND,33.869,-33.869,23.49533333,29.69,8.42,390.23,0.17,0.44,2.8
AGRY2011903,PRMUND,33.93733333,-33.93733333,23.61083333,29.69,8.42,390.23,0.17,0.44,2.8
AGRY2011904,PRMUND,33.93733333,-33.93733333,23.60583333,29.69,8.42,390.23,0.17,0.44,2.8
AGRY2011909,PRMUND,33.93783333,-33.93783333,23.57833333,29.69,8.42,390.23,0.17,0.44,2.8
AGRY2011910,PRMUND,33.938,-33.938,23.57333333,29.69,8.42,390.23,0.17,0.44,2.8
AGRY2011913,PRMUND,33.93833333,-33.93833333,23.5555,29.69,8.42,390.23,0.17,0.44,2.8
AGRY2011914,PRMUND,33.93733333,-33.93733333,23.5505,29.69,8.42,390.23,0.17,0.44,2.8
AGRY2011915,PRMUND,33.93566667,-33.93566667,23.54516667,29.69,8.42,390.23,0.17,0.44,2.8
AGRY2011916,PRMUND,33.93283333,-33.93283333,23.54133333,29.69,8.42,390.23,0.17,0.44,2.8
AGRY2011917,PRMUND,33.9325,-33.9325,23.536,29.69,8.42,390.23,0.17,0.44,2.8
AGRY2011918,PRMUND,33.93283333,-33.93283333,23.5305,29.69,8.42,390.23,0.17,0.44,2.8
AGRY2011919,PRMUND,33.93333333,-33.93333333,23.525,29.69,8.42,390.23,0.17,0.44,2.8
AGRY2011920,PRMUND,33.93416667,-33.93416667,23.5195,29.69,8.42,390.23,0.17,0.44,2.8
AGRY2011921,PRMUND,33.93483333,-33.93483333,23.514,29.69,8.42,390.23,0.17,0.44,2.8
AGRY2011922,PRMUND,33.93483333,-33.93483333,23.5075,29.69,8.42,390.23,0.17,0.44,2.8
AGRY2011924,PRMUND,33.93383333,-33.93383333,23.49833333,29.69,8.42,390.23,0.17,0.44,2.8
AGRY2011930,PRMUND,33.95183333,-33.95183333,23.514,29.69,8.42,390.23,0.17,0.44,2.8
AGRY2011931,PRMUND,33.95633333,-33.95633333,23.515,29.69,8.42,390.23,0.17,0.44,2.8
MAJY2013003,PRMUND,34.3325,-34.3325,18.88766667,24.48,10.17,474.61,0.22,0.42,3.61
MAJY2013004,PRMUND,34.33333333,-34.33333333,18.892,24.48,10.17,474.61,0.22,0.42,3.61
DOAY2030707,PRMUND,33.88416667,-33.88416667,23.493,29.69,8.42,390.23,0.17,0.44,2.8
DOAY2030710,PRMUND,33.8915,-33.8915,23.5025,29.69,8.42,390.23,0.17,0.44,2.8
DOAY2030711,PRMUND,33.89316667,-33.89316667,23.49416667,29.69,8.42,390.23,0.17,0.44,2.8
DOAY2030712,PRMUND,33.89933333,-33.89933333,23.492,29.69,8.42,390.23,0.17,0.44,2.8
DOAY2030713,PRMUND,33.904,-33.904,23.48383333,29.69,8.42,390.23,0.17,0.44,2.8
DOAY2030714,PRMUND,33.9095,-33.9095,23.46833333,29.69,8.42,390.23,0.17,0.44,2.8
DOAY2030716,PRMUND,33.90633333,-33.90633333,23.45266667,29.69,8.42,390.23,0.17,0.44,2.8
AGRY2011314,PRMUND,33.968,-33.968,23.88916667,29.69,8.42,390.23,0.17,0.44,2.8
AGRY2081108,PRMUND,33.827,-33.827,22.65283333,30.83,7.26,348.05,0.08,0.43,2.07
AGRY2081101,PRMUND,34.07183333,-34.07183333,23.24416667,31.46,6.64,369.14,0.1,0.43,1.43
AGRY2081102,PRMUND,33.9365,-33.9365,23.53233333,29.69,8.42,390.23,0.17,0.44,2.8
AWA95072405,PRMUND,33.922,-33.922,23.14833333,31.46,6.64,369.14,0.1,0.43,1.43
RHEY3080601,PRMUND,33.6485,-33.6485,24.8505,42.57,2.58,511.52,0.16,0.41,3.06
MCGY2113001,PRMUND,33.898,-33.898,25.25533333,34.44,8.8,421.88,0.15,0.43,2.87
AGRY3011402,PRMUND,33.907,-33.907,23.4795,29.69,8.42,390.23,0.17,0.44,2.8
AGRY4021809,PRMUND,34.39766667,-34.39766667,19.2895,29.51,6.87,363.87,0.14,0.41,3.67
AGRY2111907,PRMUND,33.98733333,-33.98733333,24.24683333,35.12,6.64,427.15,0.16,0.44,2.84
AGRY2111908,PRMUND,33.97633333,-33.97633333,24.25383333,35.12,6.64,427.15,0.16,0.44,2.84
AGRY2111909,PRMUND,33.9725,-33.9725,24.25533333,35.12,6.64,427.15,0.16,0.44,2.84
AGRY2111910,PRMUND,33.96616667,-33.96616667,24.26233333,35.12,6.64,427.15,0.16,0.44,2.84
AGRY2111911,PRMUND,33.9595,-33.9595,24.2705,35.12,6.64,427.15,0.16,0.44,2.84
AGRY2112126,PRMUND,33.6955,-33.6955,24.1275,42.04,0.54,453.52,0.14,0.44,3.92
AGRY2112127,PRMUND,33.696,-33.696,24.1205,42.04,0.54,453.52,0.14,0.44,3.92
AGRY3011508,PRMUND,33.89633333,-33.89633333,23.07633333,31.46,6.64,369.14,0.1,0.43,1.43
AGRY3011510,PRMUND,33.91466667,-33.91466667,23.07116667,31.46,6.64,369.14,0.1,0.43,1.43
AMMY2111905,PRMUND,33.98916667,-33.98916667,24.242,35.12,6.64,427.15,0.16,0.44,2.84
AMMY2111906,PRMUND,33.98016667,-33.98016667,24.25133333,35.12,6.64,427.15,0.16,0.44,2.84
AMMY2111907,PRMUND,33.969,-33.969,24.25916667,35.12,6.64,427.15,0.16,0.44,2.84
AMMY2111908,PRMUND,33.963,-33.963,24.26616667,35.12,6.64,427.15,0.16,0.44,2.84
