obs,V1,V2,V3,V4,V5,V6,V7
1,2.444984678,-3.102071024,-1.948357364,25.86619473,-9.862185845,-21.06991818,4.641610698
2,0.962550071,3.088993954,2.984683996,0.147783161,4.378286792,5.298817997,4.435988653
3,0.655964674,-0.00812329,0.253257767,4.742687161,-1.295198603,-2.461512936,1.411545441
4,16.87080295,-21.61989621,-15.053734,147.7833755,-61.41505171,-128.5728882,22.70175072
5,0.329785293,0.411214282,0.0973401,1.268816261,-0.952651968,0.31513838,2.574596482
6,0.653764099,-0.117843269,0.244403218,-0.705857798,0.724596224,0.159414171,0.072701625
7,4.281387832,-0.000316998,-0.33569356,0.681971325,-0.862518032,-0.339783147,-0.205703535
8,12.42681774,0.688612673,0.441459116,-0.864858708,2.215641477,0.64649674,1.404055886
9,198.7643816,8.144273734,64.48273503,1.76369484,41.9814098,-39.41245224,1.754136613
10,-2.681476611,-0.374690684,2.299907419,1.099978541,-2.100951669,-0.999722594,-1.281084235
11,0.160128528,1.692838432,1.677465253,-0.844080551,-0.481958888,3.734804696,-2.434697135
12,1.384029166,0.991073722,0.789692204,-0.109822432,-0.210941631,2.089903342,-0.026722035
13,-6.327907897,8.680021852,5.13706407,13.42093618,-10.08236538,1.803655074,2.128049523
14,-1.736801237,3.603460059,2.094431997,5.46278011,-4.009671219,0.897563178,1.024363771
15,0.150254352,0.374201425,-0.102982873,1.146268313,-0.663732027,-0.114698726,-1.182189492
16,8.394200125,2.516738763,1.380096965,0.719587735,-3.561278153,5.760270982,-3.130745281
17,28.66381724,28.85225912,19.99639826,14.49698936,-26.13295273,52.35476126,-27.20513011
18,-0.346355385,3.34523667,7.6022591,-6.2393976,5.831597737,-1.963892402,-4.023507565
19,2.167890481,-0.132920592,-0.281664839,-4.85842828,3.356520822,0.630402641,2.381272448
20,4.907079665,0.819099763,-2.323668085,-5.740632546,2.613389437,-0.152734031,4.295658597
21,0.07962654,0.593058931,-1.091335534,-1.22756711,0.0882466,-0.12580207,1.093801752
22,-0.59885811,0.597767138,-0.447035331,-3.646676279,2.450848405,0.133050893,0.438992501
23,5.457249986,0.511823371,0.169949353,1.387401887,-0.279552836,-0.627125077,0.063316576
24,1.282596296,0.051564737,0.111270403,-0.04036144,0.237551075,-0.073746521,0.066825998
25,1.206883094,0.065526592,0.037623121,0.348231385,0.125548475,-0.269241636,0.31793961
26,7.640383604,-0.051635528,0.301940589,-0.793974736,1.142198269,0.221150007,0.623532474
27,2.314700772,0.034337126,0.096824327,0.237831608,0.173174589,-0.301734454,0.101502706
28,2.34746856,0.014584503,-0.133710691,0.013796848,0.209152724,-0.139784876,0.24223882
29,5.505002797,0.075563152,0.417036777,-0.21608907,0.797792575,-0.077248413,0.345039434
30,1.417487499,-7.645805043,-1.847222689,16.77798518,-0.110197389,-22.40187968,13.75072971
31,0.233408716,-0.185989309,-0.295838434,0.14937436,0.063737314,-0.392974453,-0.401255278
32,-0.338527351,0.1368479,0.066166324,0.709694573,-0.028829294,-0.627842466,-0.365402644
33,0.798298721,-0.137993373,0.137726268,0.731882158,-0.053892418,-0.677263743,-0.028361807
34,1.032442663,-0.089317078,-0.047568116,0.177052471,0.240315213,-0.439399747,0.229179806
35,1.247299263,-0.006411905,-0.125488741,0.292394647,-0.214825843,-0.159061761,0.226928718
36,0.996403221,0.064350045,-0.072279376,0.080337066,-0.016501814,-0.103639154,0.086530524
37,1.014361143,0.0477311,0.019434196,0.049430434,0.106268397,-0.07614887,0.027686839
38,2.817178269,0.177952932,-0.005599401,0.369901054,0.04157045,-0.23790123,0.1517754
39,1.388779058,0.067024594,0.000681884,0.137308566,-0.111373056,0.017005852,-0.056371796
40,180.5803115,-2.11530172,6.156529044,24.92562705,-9.215993661,-25.4221472,-6.635814568
41,0.415523495,1.143929815,-1.830621422,-0.110458037,-0.306915397,0.156299982,0.675941637
42,3.514629304,0.013894828,-0.420348678,0.578687971,0.066523389,-0.524350315,0.401420193
43,2.174769908,0.034695375,0.106050372,0.07388245,0.550395233,-0.237711267,0.358241274
44,2.089130067,0.067659423,0.303129005,-0.124550643,0.453258844,-0.053510181,0.093745862
45,5.653311976,-0.205727485,-0.115795075,-0.628970872,0.523051737,0.008451832,0.256121748
46,6.265693711,0.010837015,0.379588904,-0.958871538,0.366179582,-0.160498158,-0.523955384
47,3.373934996,0.193355902,0.073938547,1.205582394,-0.53402727,-0.886568512,0.123265703
48,3.699518634,-1.87976569,-0.267264932,3.599126001,-1.931699925,-0.616391446,-3.274761316
49,2.875553859,-0.370321337,0.841948813,-2.817174788,2.768466395,-0.512753191,-0.09750763
50,4.409155293,1.004223917,1.560918006,-3.740943479,2.824788008,0.215600283,-0.927688003
51,-0.849239307,0.577161063,-2.067529215,3.0725104,-1.514573513,1.584081306,0.081666052
52,-2.552560112,1.854584119,2.695014966,-0.374386249,3.873833253,-2.43078608,-1.528117095
53,0.180026156,0.212256419,0.323302987,-0.1558923,0.225925723,0.18089576,-0.094052641
54,-12.23452438,-5.589039166,-4.155643556,5.981661347,6.561704627,-18.47977951,8.952067328
55,-9.158486431,-4.110426135,-3.102095629,4.568940408,4.867984097,-13.84591834,6.598338695
56,2.162725916,0.239937117,-0.085598899,-0.521836974,-0.115442915,0.676270517,-0.946830931
57,2.377001931,0.322888915,-0.02723234,-0.633619299,-0.190255503,0.776150366,-1.388901543
58,3.661983105,0.295981828,-0.07890404,-0.421468257,-0.408138193,0.910763698,-1.527159522
59,4.367209778,-1.088053967,-1.522479904,1.265904122,0.597155409,-3.47281281,-0.947114452
60,1.196877325,-0.163599391,-0.529897355,3.261745688,-0.271979471,-3.711678785,0.52326688
61,0.711302102,1.173476352,-3.605853946,11.56403627,-1.299001296,-7.34630675,0.395894065
62,7.572217448,0.438557031,-0.566238952,0.831783535,-0.562368678,-0.970281488,0.002311376
63,21.54437977,1.178825506,0.581046719,-2.191414808,-0.807020754,-0.084873495,0.682758919
64,1.268252637,0.311884183,0.019504788,-0.17090343,0.716207749,-0.199481001,-0.391763918
65,2.19028156,-0.051372133,-0.303796299,-0.003792979,-0.061462589,-0.279176047,-0.17745546
66,1.836934892,0.051500914,-0.071763931,-0.005049787,-0.242865803,-0.035942693,-0.069419277
67,5.180612823,0.31868493,0.248631669,-0.049652614,0.131543541,-0.137518586,-0.103537334
68,3.078488889,0.141211103,-0.074876899,0.633018432,0.018634139,-0.583818937,0.046358799
69,3.468871031,-0.032707206,0.011368545,-0.152161461,0.510165256,-0.115649863,0.115249947
70,2.940788861,0.139242042,-0.24470147,0.545122543,-0.257874141,-0.721411933,-0.086688148
71,1.464688926,0.003195038,-0.145731635,0.135946038,0.059549534,-0.3939241,-0.008429476
72,1.580965654,0.000850443,-0.009565497,0.352835986,-0.14650355,-0.344258099,0.023937165
73,2.683777469,0.136709156,0.095667363,3.574057262,-1.012612309,-1.984408265,3.089677237
74,6.694422727,-3.332574953,-4.380835592,-5.867652662,6.079398562,-3.122694513,4.9029768
75,1.63460122,-3.480099968,-5.827878142,-9.050045782,8.658167181,-2.531900555,5.86552495
76,1.077086016,-1.359359344,-2.156692603,-3.67843451,3.029870415,-0.69617162,1.107006698
77,1.304235075,-1.182216597,-1.926876528,-0.702646931,1.681017761,-1.86143008,1.499328971
78,0.333175111,-0.382079119,-0.781249906,0.521025319,0.50804381,-1.499327324,1.477732335
79,0.753908759,-1.712318876,-2.782855206,-3.652050119,3.144274988,-1.415456636,1.273895475
80,6.810117734,4.518428264,6.233312094,0.015343915,-2.36395217,12.82214912,0.107570781
81,5.171689972,1.521638221,2.046522652,-2.154371859,0.390360189,5.80051738,0.79201875
82,-11.53009598,-14.00638756,-16.05277198,-4.904462624,12.66022073,-31.04283378,-4.818712147
83,-2.271553127,-5.647531538,-6.528772817,-0.250711409,5.746156713,-14.03546642,0.792885057
84,-12.09632265,-20.84800682,-24.19639889,-8.855184667,22.40348987,-45.58228369,-2.522293203
85,-3.91136423,-4.202992987,-4.903685556,0.198415773,4.346588954,-10.79865498,0.420470569
86,-6.749082983,-8.483394233,-9.585936288,-2.426532182,8.607033408,-19.03830522,-0.972404764
87,-7.655943883,-15.35327656,-16.67594208,-3.186171373,15.01882625,-33.99675233,-0.179808581
88,-1.961036819,-3.372837135,-3.376775891,-0.046258266,3.880311396,-7.279288604,1.568140886
89,-14.08283861,-19.7880219,-22.634333,-6.040971759,19.12193589,-44.38172755,-3.395870896
90,-1.484366574,-7.697432102,-8.491643053,-3.002022531,10.75671872,-15.6565582,4.032081658
91,-5.366311417,-10.33504969,-12.12402403,-1.300094637,9.803278141,-24.85467375,-0.329549581
92,-1.382544902,-2.465939271,-2.92486808,-0.043252757,2.385823664,-6.196051923,0.050874047
93,-7.311704101,-10.31453714,-11.86108356,-2.877913518,9.438352996,-23.56366366,-2.30489486
94,-3.095844185,-3.90427033,-4.94855996,-0.381010198,4.74559122,-10.5359063,1.884375125
95,-2.49131857,-4.387215368,-5.014715862,-1.211737415,4.300214932,-9.945529639,-0.322100741
96,-3.743399945,-6.751186737,-7.471708386,-1.832301607,6.51754321,-14.90633953,-0.618873069
97,-6.326868365,-9.935250464,-11.48085017,-1.691358012,10.03918558,-23.88469066,0.776398986
98,-23.56522913,-34.5137761,-37.8115189,7.082800407,36.57315257,-88.82282576,17.18242703
99,-3.306009235,0.552884737,0.747585439,2.432982942,-0.126645913,1.310458238,1.548627426
100,11.58433069,4.631135346,5.678491754,-4.115055969,0.729042045,14.27437291,2.478810295
101,5.34264856,5.157800916,6.518317061,-4.205004606,0.544279438,15.67343996,1.460765953
102,17.0354366,2.423780573,5.618088217,-16.20548975,7.825462136,23.04973028,1.285164665
103,1.83761902,0.881110911,1.260298249,-0.891507465,0.226363006,3.147082767,0.399375493
104,7.557777193,2.24880848,3.339202574,-4.238300067,1.269773298,10.06183506,0.650928582
105,3.757873252,1.053106164,1.927147208,-3.054103568,1.532156475,5.913491462,1.035019447
106,39.74324186,5.358003256,15.5576264,-41.12811039,24.61178081,56.03702189,8.967305722
107,-0.758067325,-0.253818167,-0.348239134,0.442281464,0.711282041,0.164395555,0.657587662
108,2.096709696,0.276923247,0.041499875,-0.006021615,-0.752357744,1.067101985,-2.616260268
109,3.064217988,0.405818207,0.115475613,-1.417184594,-0.394899551,2.249536566,-1.485225576
110,3.111624823,0.403909267,0.026436268,-1.743384204,-0.177978002,2.410737451,-1.787798774
111,5.980008596,0.630009475,-0.060480736,-2.885846456,-0.439977986,4.043771695,-3.408554942
112,4.672475221,-0.856707136,-1.305493677,-2.385207319,1.396470286,0.02574979,-1.455957939
113,9.285832527,-0.206262622,-1.113166199,-3.976041694,0.783108879,2.779842612,-3.397574754
114,0.747583547,-0.387307764,-0.611381491,-0.767651498,0.74474572,-0.268623484,-0.261266526
115,2.192953085,-0.125031986,-0.394957451,-1.247628849,0.473843005,0.710723421,-0.878955342
116,12.05677124,0.103498171,-0.941776421,-5.023390405,0.830320255,4.666786017,-4.584797175
117,-0.025393309,0.118256854,-0.096431523,0.089552647,0.034261746,0.072480723,-0.540482518
118,6.739182333,0.536194645,-0.191863516,-2.869623685,-0.177461271,3.503123591,-2.832063054
119,5.02172412,0.713422499,0.210400958,-1.611770456,-0.634024777,2.990069591,-1.926130744
120,13.85181037,2.116276464,0.32021315,-4.941055667,-1.458125408,8.687023753,-5.520036694
121,7.108884121,-0.374246533,-0.980790886,-5.234391463,1.986195901,3.11510133,-4.177333034
122,4.295759325,-0.902608935,-0.806606796,-4.424944431,3.44959648,0.438435427,-2.15118992
123,5.126732451,0.372320003,-1.15551147,-1.971883736,0.672781517,-1.072807848,-4.095057621
124,4.362891746,0.10537219,-0.006437738,0.362246291,-0.163639918,-0.354727537,-0.094429259
125,6.064102574,0.87652325,0.292250582,2.097658537,-1.620035664,-0.620280573,0.359854381
126,5.67635269,0.927473615,0.216875345,1.194944844,-0.111153663,-0.568349628,0.302966143
127,1.878666361,-0.024744708,-0.004301627,0.622894974,-0.314126534,-0.485787647,-0.062808029
128,8.378959098,-0.235910289,0.526885269,0.454127719,0.092082587,-1.326541849,0.101665255
129,6.547926418,0.467029028,0.111436095,-0.911289624,0.44747222,0.732894446,0.296979853
130,7.684457387,0.258053387,0.400195751,1.492886932,-0.849099638,-0.454010922,0.076352804
131,53.40180006,1.812310409,5.120712801,2.794115766,2.488702947,-7.077708048,-1.0666986
132,-1.739858062,3.205878079,3.087796095,-0.653970714,1.114997402,1.514300658,0.429027014
133,1.200421381,-1.16136862,-0.358333272,-4.415916439,3.415786681,0.847609808,0.48942987
134,1.189743928,-0.131571098,0.062429438,-0.864745862,0.452628881,0.482613113,0.299048775
135,3.20388169,0.173627645,-0.045641196,0.204151147,-0.283997088,-0.223852864,-0.33185549
136,4.47869776,0.141448158,0.236686789,0.669834741,-0.198745751,-0.973874806,-0.312347053
137,1.469203475,0.005182584,-0.093733873,0.240820112,0.028293159,-0.376148349,0.164938243
138,3.261676564,0.000455054,0.167933296,0.286931685,0.006188824,-0.29221012,-0.06603473
139,7.330845921,-0.068731807,0.028585406,-0.234168244,-0.148922849,-0.649422859,-0.560888497
140,3.818856903,0.219705035,0.262780173,0.29461385,-0.271563439,-0.193181011,-0.227053704
141,1.646425799,0.041474062,-0.19833425,0.504349796,-0.246775384,-0.396607588,0.107292723
142,5.877200508,-0.158627777,-0.15969719,0.039394748,-0.213247423,-0.113279393,-0.422626076
143,14.72666058,-0.12827205,-0.346336316,-0.837668238,0.730495281,0.445645793,-0.572781323
144,5.497761525,-0.258479859,0.29487381,0.613481877,0.023289321,-0.158135753,-0.203982262
145,1.21957061,0.011673725,0.10592521,-0.182509159,0.112537317,0.05329003,-0.063063677
146,2.004753664,-0.117130639,-0.042067765,-0.216567075,0.156690165,-0.129769079,0.082305578
147,6.563816978,-0.25765292,-0.510579636,0.401112991,-0.862854157,-0.67661213,-0.714873858
148,1.424380107,-0.06439303,-0.005602089,-0.183043397,-0.215669997,0.019317205,-0.282482032
149,2.022300639,0.051622483,0.043925616,-0.174918509,0.132196652,-0.033847866,-0.237931762
150,4.872468988,0.315088289,0.730049559,-0.372983036,0.389328623,-0.178886726,0.222324313
151,1.663625898,-0.000838465,-0.091611516,0.212851151,-0.085946204,-0.263481096,-0.136910178
152,4.005718212,0.045438307,0.011143376,-0.656578832,0.234606851,0.060647791,0.027071313
153,2.314715582,-0.049128527,-0.170705996,0.675213197,-0.444721725,-0.489131945,-0.00540092
154,2.317129604,0.078089216,0.137999705,0.116501361,0.034735474,-0.19619918,0.074637645
155,4.100462589,-0.107933775,0.132990054,-0.467503735,0.71138855,0.196268327,0.168647982
156,6.357360127,0.163854345,-0.334822066,1.274012842,-0.265030774,-1.461997907,0.302026725
157,1.74254448,0.012123897,0.113645773,-0.216649784,0.230020259,0.133983731,0.015237056
158,3.457662992,-0.191230951,-0.400341532,0.121496516,-0.09834376,-0.334364383,0.08836975
159,1.685570799,-0.00382068,-0.005270333,0.204758265,-0.06483655,-0.26783992,-0.0338494
160,3.024212959,-0.08236025,-0.109874132,0.408892723,-0.051749242,-0.33315473,-0.028907554
161,16.28065342,-0.515991125,0.106503295,-2.503544042,1.11084406,1.926623824,0.761525952
162,1.559205925,-0.016539906,0.053631415,0.551416256,-0.1043246,-0.384839016,0.135551826
163,0.714225866,-0.046073543,-0.028853076,-0.07182498,0.090434938,-0.026129484,0.096426571
164,2.86714591,0.294825215,0.079762569,0.692295349,-0.269182581,-0.39632973,-0.050816545
165,0.931746873,-0.025036812,-0.129728636,-0.002952809,-0.026984828,-0.050423306,-0.025678067
166,29.06111868,-0.514586467,-1.823008828,-0.204267573,1.253113934,-0.680890972,1.365550221
167,-0.191702908,0.173772936,-0.227387586,-0.896703461,0.879814366,0.665560679,0.028823146
168,1.138680025,0.233431358,0.391208524,-0.388001216,0.813170298,0.288264421,1.186479993
169,0.567658755,0.264847505,0.412125367,0.209493702,-0.004603969,0.248087926,0.285731506
170,7.348790001,1.688624065,2.828325627,1.69533863,0.430981945,0.816555043,0.560941652
171,289.8402158,84.10494438,102.7095077,176.5230662,-162.6520362,-52.53772728,-123.7823339
172,0.38480545,-1.61377349,-0.02408518,-1.567112463,0.447648896,-0.138302387,-0.57678849
173,5.105382069,0.908859575,1.648542874,3.42842637,-3.326872073,-1.887168849,-1.301265798
174,9.822245609,-0.502953106,1.851741456,2.788584672,2.136638789,-7.204877904,6.702407003
175,2.380835527,-0.013077864,0.069370851,0.080378814,0.170879911,-0.144882584,0.032174643
176,4.243901349,-0.641421705,0.283488357,2.893452795,0.383239782,-3.477493762,1.89446588
177,0.209053323,0.307022183,-4.812611634,8.017901099,-1.810705335,-7.148677727,2.628789777
178,13.8948288,-3.720511939,-5.395484626,-8.662922223,3.303035879,-0.700607558,4.377036812
179,3.126907244,-1.625852252,-0.424790294,8.690269382,-6.807405758,-7.6564416,-5.229893015
180,0.704850678,0.168788383,-0.131784467,0.219900935,-0.303775898,0.046065794,-0.029361331
181,2.969525715,0.271322372,-0.329034554,-0.874675001,-0.297728859,0.287428497,2.017616561
182,31.66867583,6.189996741,-6.564572421,-2.851789425,-16.9931159,3.678434896,7.757015269
183,-15.83898811,0.772895623,-4.909457997,11.46838131,13.03377136,-3.854392022,7.720720978
184,-0.569709586,-0.420035885,-0.539747917,-0.448414119,2.492278914,-0.008599704,2.350782532
185,11.3738566,0.191635314,0.599470231,2.291250513,-0.814497157,-2.172604868,-1.054485675
186,14.03347503,0.938289933,1.150753569,-15.08939059,6.374541756,10.90630266,-2.863834342
187,19.65048603,-4.264116312,-7.714648649,-11.34377014,3.726638724,3.635579991,2.801998525
188,5.305570261,-1.386937912,-2.753307296,-2.920285088,0.904789459,0.830417719,1.458106562
189,16.84190617,-4.344367665,-8.225724102,-9.320153375,2.654388818,2.842563156,4.097495675
190,1.9169026,-0.471680485,-1.026127635,-1.072119155,0.325135073,0.304908379,0.38044229
191,1.794961664,-0.241567041,-0.499841236,-1.413778403,0.681973342,0.766224102,0.323186686
192,41.25257208,0.583887997,-1.779107185,-36.83303854,14.04893315,27.61783639,-8.652619947
193,-0.20589487,1.607603724,1.14630306,0.429379527,-1.112665216,2.082673646,0.285172651
194,2.041263887,1.240512654,0.988501239,-3.601289516,1.910780114,4.641735987,-0.445319454
195,1.099489277,0.339116399,0.354830903,0.208153714,-0.143465212,0.639476307,-0.092956162
196,0.397710304,3.382691786,3.682039533,-20.59020839,11.15138449,20.45481973,-4.859142209
197,1.677578142,0.980887331,0.807952636,-3.151675464,1.184562259,4.154239919,-1.068846629
198,2.179619903,0.634533984,0.680052842,-1.860819902,1.009195602,2.592689709,-0.339942973
199,1.166335605,0.898878982,0.951693796,-8.261452178,4.136514806,7.416417234,-2.425650111
200,0.242669943,0.571315203,0.608510006,-3.489570308,1.804533524,3.603288529,-1.219946962
201,12.40825117,7.133443151,8.244344795,-34.4346287,14.07757388,40.24938096,-16.04317155
202,-0.143912336,2.285351294,2.350174067,-4.867120886,2.365981745,7.713924246,-2.616485232
203,-0.832004795,8.613776518,12.75656575,-16.4228721,9.556812067,32.13589336,-10.12905536
204,-0.727233641,-0.633591272,0.424991604,0.550890158,0.170917901,-0.259059899,-0.452163058
205,0.916617763,0.526399538,0.754397739,-5.305048746,2.917819653,4.794435873,-1.352327374
206,-0.197353254,0.668975047,0.637140808,-6.583168938,3.505626737,5.31904263,-1.661693458
207,0.560866035,0.306898438,0.436081482,-3.191405688,1.777499865,2.842609239,-0.826197855
208,-6.83829816,1.58871043,1.63812535,-35.185957,23.05900694,29.45751792,-6.382040799
209,-3.009934918,1.143000975,-0.03549894,2.257968706,0.958641346,0.165933834,-0.578272129
210,0.78556226,0.7474337,0.297679666,-0.213915382,0.258927055,1.250491608,1.23146686
211,-20.34133364,28.97738246,35.21217861,-371.0156502,217.3664183,299.9201958,-68.57400749
212,-4.545144863,16.98782839,-19.91602864,22.2465509,-23.86523369,-20.8123321,-26.53319513
213,1.417980676,0.163532184,-0.246446945,0.073108874,-0.134036361,0.046634367,0.077815739
214,2.280665817,-0.12200582,-0.013650856,-0.439658669,0.298801079,-0.013970048,-0.046472005
215,1.046080927,-0.018164797,-0.066639125,-0.1836188,0.095891965,0.092949018,-0.019778361
216,3.908926476,-0.046945281,0.233712921,0.115996359,0.252063374,-0.26626775,-0.241483053
217,4.33813299,-0.032155757,0.188761032,-0.885938358,1.137832168,0.335530086,0.14106882
218,3.605086728,-0.032193131,-0.153859039,-0.122180305,0.020167444,0.092637747,0.24014126
219,20.96783811,0.611642411,-0.483491627,-2.317353415,2.533081506,2.406491512,1.536951009
220,1.493971928,-0.190811921,0.580370125,-0.430171292,0.407149697,0.131982082,0.0046165
221,-11.8859761,2.397754425,-0.885648375,-3.551616518,4.165185301,1.072677884,-4.653649227
222,-0.941044987,1.112790037,-0.966041277,-0.084575049,0.454076234,-0.098749935,-4.266134112
223,-1.739264369,0.678799746,-0.156544724,0.830961074,0.235557053,-0.370019492,-2.773396243
224,-3.25671427,1.076040589,-0.559036621,-0.891086889,1.497620677,0.173888708,-3.134119013
225,9.582333535,-0.48441667,-0.702773991,2.832777449,0.453420619,-2.527346355,0.290542667
226,6.869218065,1.37460641,0.289916648,3.344308366,-2.475487382,-1.112270815,-0.514364621
227,2.949965291,0.241561299,0.116157076,-0.310950996,-0.206500786,0.643006004,-0.493447118
228,1.400312017,25.94482728,20.89329315,-134.218632,56.84384643,127.3788163,-21.71148048
229,-0.407597077,1.053197711,1.590058949,1.292664044,-0.623928347,-2.193300344,-0.753624201
230,9.011470865,-3.784109327,-2.167932696,38.71893464,-18.44140577,-31.83688504,1.677245831
231,3.687915377,1.768843892,2.616684136,-0.149581036,-0.293059528,1.989981572,-2.169396921
232,-1.33302937,3.60050293,2.966426488,-19.70989601,8.148300111,18.28241716,-3.176082321
233,12.3028479,9.040307893,6.00002275,50.30045942,-78.99566415,-2.542244108,-6.744695531
234,-0.221770775,-0.231166206,-0.405793973,0.212450031,-0.434498327,-0.375949904,0.076179546
235,3.332233021,-0.041156356,-0.302193234,0.077734848,-0.231846094,-0.154943674,-0.080120056
236,16.21805101,1.559794914,0.020264455,0.299955912,-0.259295112,-0.607728545,0.278986533
237,24.5038568,3.25538811,-0.73319324,-9.266084429,4.97009783,6.443050728,-1.13106045
238,1.695926537,0.10552932,-0.100103675,-0.417524569,0.508547423,-0.716377967,0.081193264
239,168.5247861,0.49120625,-9.025067639,-15.93944539,-5.419712266,13.27959519,3.863064436
240,1.617561725,3.749498006,-6.500072142,1.389353957,-5.491619928,-0.381525839,1.553675457
241,2.217629575,-0.736309973,-0.112091247,1.891454066,-1.477605664,-2.414640183,0.727547627
242,13.50567345,1.11198648,0.673809626,3.904591879,-1.15339826,-1.905809529,-0.691624835
243,2.341913943,-0.224052546,-0.473627116,-0.594312779,-0.314481866,0.311324469,-0.159044538
244,71.27004406,4.36887923,5.231674878,-9.036140393,10.04302072,2.708543615,4.283181607
245,5.676593064,-0.932977344,-1.758177954,1.005430252,-2.101382804,-0.458392792,-3.990651062
246,12.11184075,-1.159265169,0.595262041,-0.054427365,0.616381507,-0.675345447,-0.23974233
247,2.343515456,0.225543286,0.273436058,-0.869653798,0.360512298,0.455512572,0.157024224
248,4.297823159,-0.263696843,-0.109748755,-0.16857236,0.185143065,-0.347154953,0.298170683
249,5.275548828,0.24210817,0.285709209,0.15250433,-0.719337875,-0.231032746,-0.532937811
250,0.931615689,0.134164537,0.041865612,-0.305132058,0.169691325,0.297551117,-0.090284161
251,5.57883698,0.374664795,0.08530155,-0.407598741,0.129466939,0.940185599,0.3936459
252,31.64730516,-2.651688328,-0.390940784,3.974654686,-0.79083801,-8.733068469,0.035291559
253,-0.514142139,-0.199957821,1.354624352,-1.356959137,1.279903338,-2.157115465,-1.486497979
254,6.979084981,0.067722131,1.108023849,-2.923544544,1.961682818,0.960510917,-0.374708232
255,3.716771482,0.25545613,0.276782545,-0.57357949,0.157383671,0.425965497,-0.126524754
256,2.552213812,-0.005696723,-0.014335954,-0.202466886,0.153325587,0.084500883,0.087540475
257,1.571325389,0.062895157,0.042108736,0.170527951,-0.163472229,-0.206817029,-0.047082954
258,2.612092729,0.055028179,-0.056474461,0.014254077,-0.13479259,0.01319115,0.058377288
259,1.336456989,0.04397577,-0.065639942,-0.137514025,-0.027265293,0.039630898,-0.074168367
260,0.185813299,-0.289689485,-0.263652604,0.267924677,0.822261685,-0.987749305,0.73918594
261,0.982317915,0.122991395,-0.129249339,-0.931062582,0.240705963,0.584421299,-0.897906974
262,4.058671724,0.282058226,-0.037894943,-2.487633525,0.324720978,2.6696874,-1.280581705
263,3.821760496,0.249418569,-0.088190291,-2.190901398,0.275652781,2.386295015,-1.129449248
264,13.3404218,-0.752225732,-1.765753236,-9.351095169,3.76525264,5.870777399,-2.908998892
265,0.01191116,0.074680422,-0.117574021,-0.344114218,0.33989961,0.374272102,0.014697057
266,6.814641043,-0.585064325,-1.326593747,-4.445625931,1.802936344,2.706298105,-1.385081728
267,3.287322023,0.008918505,-0.220922042,-2.141694092,0.564291114,1.844497345,-0.921054485
268,-0.559789455,-1.549408033,-1.528022662,-1.614654647,2.390208367,-2.524378977,0.232376821
269,-0.584069194,-1.115015268,-1.092084436,-0.899980907,1.718492599,-2.100122157,0.290781711
270,7.856526421,0.132502654,1.110395173,-8.679598057,5.258389093,7.50300442,1.386553215
271,-0.774791369,-2.818962657,-3.576323139,-2.489895499,4.471091508,-6.477940279,1.459820276
272,-0.748004738,0.760392299,0.658793534,-0.669362803,-0.050520729,0.222112997,-1.524226787
273,8.000649888,0.576594026,-0.095184773,-4.334409807,1.036248193,3.852688441,-2.588206426
274,0.445894684,0.442762699,0.247874439,-0.255820929,-0.148200444,0.818662073,-0.503143276
275,10.48467078,0.912145355,0.312682092,-5.202989578,0.584452999,5.121097689,-4.352895851
276,0.038251272,0.137020972,0.008373292,-0.453500989,-0.116481365,0.581969685,-1.385072305
277,3.159901846,0.561322639,0.313892923,-3.227250326,0.88840494,3.292401835,-1.261447408
278,1.329319001,0.189204406,0.167833419,-0.863687884,0.267209638,0.727357421,-0.393812921
279,0.845265657,-0.113086191,0.130741789,-1.153860575,0.959299086,0.395775643,0.154759204
280,0.731108033,1.25909305,2.371126216,1.216074106,0.715181309,-1.861491757,2.164224248
281,-3.622912222,1.423557354,-6.498614885,-0.320594006,0.747561139,5.27333463,2.738200279
282,0.438735462,-0.028989535,-3.31940639,-0.323426295,0.391710373,2.615451559,1.461894965
283,34.67779463,0.489365882,-10.53330838,48.83303737,-27.71798328,-49.35334053,23.40946766
284,-2.646603859,0.143659157,-1.730481913,-1.171208101,-3.254020921,-0.884897741,-2.639557275
285,1.743638616,0.064960914,-0.551129322,5.037316251,-2.945448968,-3.969145611,1.502658867
286,1.851536601,0.212634674,-0.538146007,6.124398595,-3.277430138,-5.012303348,2.481119716
287,4.174816957,0.288555028,-0.884821956,8.46757667,-5.079930533,-7.292919602,3.125563462
288,4.26518514,-0.579007845,-1.646590052,16.82330911,-7.585728082,-13.495249,7.897188847
289,-0.792319879,2.620624973,2.314394218,-36.45675261,14.57502917,24.37886944,-13.02415196
290,0.412241681,0.934737625,-0.026962253,-5.58883381,2.192971193,2.153525418,-0.092704285
291,1.588676312,-0.098700881,-0.641248458,10.81515292,-5.358724687,-8.025102107,3.291357976
292,8.452813108,0.106811469,-0.844375198,19.78973107,-10.97848309,-14.96780777,5.886128785
293,0.315280949,3.392009517,1.929506404,-22.16919117,6.560992105,13.08808927,-7.71041801
294,-0.528059303,1.627499926,1.191015307,-2.484412809,-0.205485192,0.226043041,-0.237285693
295,15.57673729,-2.085281849,-3.683544685,68.63401333,-33.13430041,-48.6752446,21.76695468
296,1.328510143,2.393704726,0.368768573,-0.864177057,-3.534499667,-0.579998033,-4.652442875
297,0.768301265,1.667074583,0.972893909,-7.251435394,2.16922492,4.094753788,-2.711013842
298,2.330344172,-0.347391174,-0.97488679,14.50579012,-7.145248345,-10.60822784,4.518676657
299,24.95631072,1.061917501,-4.58280055,87.08883122,-47.28424081,-64.11336523,24.99453322
300,0.179254376,0.584440498,0.436819217,-1.498121042,0.460598754,-0.115207077,0.63955767
301,48.82280832,0.627841502,-8.850493188,114.4646402,-66.87305976,-84.98889908,24.46777775
302,-2.265186267,0.293476771,0.280085244,-2.771496725,0.412233632,-0.745575184,2.416074018
303,5.493040254,-0.044214893,-1.387690339,32.94626283,-17.15923541,-22.60732123,7.252057627
304,-0.18693568,0.542347235,0.03551415,-2.40749512,0.624995409,1.215907548,-1.165802801
305,5.544865164,-0.556615291,-1.896739528,12.67370704,-6.216170412,-10.21207547,4.8564163
306,13.2187417,-3.035661228,-5.242471357,74.8452559,-34.09757339,-53.79802658,24.20168641
307,0.462951976,0.775625509,-0.38402191,-0.502125657,0.37038174,-1.282888047,1.056442567
308,2.791388361,-0.417704916,-1.456242248,13.49025264,-6.191205657,-10.34209192,4.721625964
309,13.0998863,-1.26486653,-4.844713395,53.09978024,-26.73173316,-41.56393575,17.24977522
310,-0.824788912,-0.138640651,-0.829245749,-1.082843336,0.245804897,-0.311683988,0.40982356
311,1.208227092,-0.140684209,-0.641670775,4.501021113,-2.146776922,-3.731058076,1.825323827
312,2.258396614,-0.202100336,-0.647294505,4.685764611,-2.38807573,-3.83390909,1.752811858
313,3.298014979,-0.303222981,-0.949547004,9.900793578,-5.374776449,-7.572412467,2.629634241
314,12.84405547,-0.725679752,-2.607535224,34.59574927,-18.91742959,-26.1178838,8.874365964
315,-2.521148933,2.214716801,0.286895794,-6.860206415,1.122247987,3.399038004,-4.145802974
316,0.26040269,0.651712571,0.524695764,-3.898390415,1.078256755,2.628150325,-2.021610325
317,5.73100825,-0.820684877,-1.976259743,31.46759776,-15.50944399,-21.80503428,8.83192489
318,-1.424309056,6.608569585,5.020252127,-43.44066021,16.80794686,27.95561313,-14.55794784
319,2.979425816,1.810371102,-1.569910785,-3.484918778,-1.907999123,0.629647496,-2.82970403
320,1.789716665,0.605134352,0.556375197,-2.174137418,0.44229203,1.034738843,-0.72463814
321,6.143462162,-0.482881479,-1.918075285,24.55947552,-12.76054405,-18.2456348,7.292385925
322,5.61274972,3.062342165,1.593839218,-23.1184386,8.079534804,12.08967951,-5.979784187
323,1.853947733,1.951988475,-0.263959231,-6.160753898,2.156914208,2.410727428,-1.719452032
324,1.009747262,0.66952882,0.414367412,-6.057191337,2.129900639,3.636781597,-1.901743914
325,5.063001396,-0.807542885,-1.614803784,17.36791784,-8.304066841,-13.40289654,7.260914676
326,6.007146149,-3.087798982,-4.191894608,50.1470475,-21.3532083,-35.79717372,19.11000993
327,0.940759821,0.422329258,-0.118625719,-0.154444659,-0.123267813,-0.330919717,-0.029566095
328,2.19696489,-0.430855433,-1.12454101,8.50899534,-3.788484363,-6.813869642,3.730844318
329,2.740961632,-0.49295309,-1.241318117,7.090758905,-2.921963578,-6.342982502,4.064480465
330,1.416784379,-0.119233519,-0.63181011,7.619364634,-3.320709043,-6.068379641,3.656794893
331,3.180138604,-0.015796916,-0.807357365,7.467765687,-3.829075256,-5.906784615,3.149808807
332,1.397250188,-0.070642241,-0.525782778,6.330967623,-2.714279916,-5.072266103,3.100109778
333,5.595722523,-0.336226905,-1.526227642,19.60599528,-8.966319952,-15.29609643,9.025549926
334,21.75226162,128.1597827,84.57107305,-1160.747465,451.776216,734.9093864,-378.8098245
335,1.102192384,-0.71884699,-0.11374119,1.11036639,-0.839995718,3.576699601,-1.596433484
336,3.221717768,1.385464177,0.420643672,-1.02064914,-0.404211212,-0.441516461,0.246838819
337,23.2423205,-18.77828533,-22.04993595,284.1150396,-118.3505184,-198.0236829,105.9499132
338,-0.390435258,3.518615547,-0.82775764,-0.601173192,-0.143759089,1.232580547,3.500208681
339,4.537451423,2.476208216,2.719789476,-2.405696818,-0.572319293,-0.236893075,0.661854708
340,3.683802502,2.667983558,1.770731781,-13.71939245,3.113899548,8.629966287,-6.481185087
341,0.62306495,1.437534118,0.750775802,-4.844699058,1.048691021,2.973820889,-2.380827893
342,6.400788402,-1.135027403,-2.306037459,37.89811547,-17.42317503,-26.98929296,12.73789582
343,4.696033888,33.02337826,14.7988553,-114.1616137,23.89871043,72.77509222,-73.43967456
344,-0.825429216,4.633482153,2.615500467,-2.699156946,0.43607876,-4.072069473,-0.670496971
345,-0.69293581,0.390331036,0.608992557,-2.278694538,0.092940299,-0.109944637,0.551183476
346,2.200826586,-0.061892291,-0.517110566,9.174011398,-4.64213902,-6.687838758,2.672801176
347,8.08209877,-0.696118248,-2.50951666,45.69209645,-22.53908971,-33.90850584,14.9881691
348,0.854795066,0.491151777,-0.110259513,-0.927511815,0.05290498,0.167271105,-0.500738791
349,3.139374132,-0.651637729,-1.167724528,13.82042804,-6.372201746,-10.38283172,5.216636053
350,7.230450033,-0.592850498,-2.327578189,30.73349489,-15.01548702,-24.51258264,11.95348898
351,0.853711831,1.00014177,-0.171543854,-4.830733426,1.392468125,1.937209898,-1.596597923
352,1.927767686,-0.272905823,-0.590252968,8.770018506,-3.943620468,-6.81958975,3.672752704
353,5.06555069,-0.31849293,-1.01003122,17.76820692,-8.784155436,-13.47961827,6.171792918
354,6.58503463,14.3169336,10.93031621,-12.11403583,-19.2621568,33.39925332,-38.28832985
355,9.633287908,-2.590551317,-0.072918087,-1.825379738,1.493440945,-6.02870575,-2.990483722
356,-1.530834892,-1.194146697,-0.863148249,-0.798985678,2.415162895,-2.427816071,1.434827123
357,-1.455887847,-2.318967413,-1.536348378,-2.498980988,4.676158835,-3.546783836,2.004022087
358,-5.778115714,-5.998413803,-4.206367994,-4.823880609,11.29643478,-10.65634484,5.708905055
359,-2.572899911,-2.105741389,-1.456083095,-1.003050691,3.895255317,-4.478725101,2.544577369
360,-1.317517595,-1.59787955,-1.160522191,-1.714093089,3.044895894,-2.576598056,1.189771215
361,-18.56767243,-18.30524324,-13.38354614,-15.6794847,33.92041083,-33.8500692,15.86510288
362,0.659892315,2.122869802,1.669467864,-2.440402751,-1.890182736,4.102283038,-5.575023296
363,-11.87599941,-12.85414679,-9.493098833,-1.348611227,19.49037205,-31.00119447,15.62184214
364,1.022814562,1.076817653,1.237104754,-1.674311137,-1.07250138,3.150592477,-3.23871095
365,-6.637634063,-11.9708967,-8.978886157,-8.973399851,20.2243745,-21.70447138,10.73500673
366,-21.15061031,-29.60872483,-22.50427427,9.833285258,38.24040577,-73.09589541,44.50597541
367,0.234243515,0.358140678,1.029248812,-0.540784329,0.023219548,0.14944911,-0.951826841
368,-1.312037445,-1.513532665,-1.164717211,-1.386571057,2.688338403,-2.772321626,1.236536731
369,-2.523496369,-2.226693722,-1.720066414,-2.309487073,4.187799243,-4.104140875,1.700013095
370,-4.468675572,-6.338995292,-4.773006398,-6.436750066,11.65483743,-11.33962024,5.289247993
371,-2.543170096,-2.434868679,-1.55737349,-0.809521354,3.999028807,-5.391923536,2.595308934
372,-19.47539936,-26.93186387,-19.92590411,-32.28311248,54.26420163,-43.87280737,23.97721782
373,-0.903062585,0.378843182,2.11536429,-1.138403184,1.193182146,-1.284967849,-1.329991855
374,22.70638815,7.006051649,5.043815484,-12.75753777,-6.629402391,27.07423549,-13.05083305
375,2.785023402,1.800932189,1.527980414,-2.965365718,-1.20553428,5.814884188,-3.467891149
376,12.33991924,4.487041554,3.441641726,-9.882896191,-2.912249803,17.65711345,-9.119136654
377,8.657002172,3.274663663,2.804654979,-6.995654911,-2.155780259,12.11153747,-6.974576812
378,4.110928947,1.89764764,1.703451099,-4.167811939,-0.958391452,7.156690556,-3.80558428
379,30.02020849,10.59820423,8.841052664,-23.57289631,-6.59804484,41.36943069,-21.47325763
380,6.700410261,2.364717895,1.872307323,-4.520601109,-1.909553408,8.829261523,-4.655411041
381,9.239638872,3.101088568,2.53286618,-5.991263864,-2.647541955,11.37892371,-6.681819914
382,9.073586652,2.671218228,2.389326686,-7.844380149,-1.071518969,11.70641367,-6.776495033
383,9.764406727,2.642238033,2.095273128,-8.19530932,-0.790722504,11.58372814,-6.146420932
384,67.9120665,16.62697313,12.95436568,-52.14044586,-6.263966505,78.03448414,-39.53262091
385,-5.395563901,7.165852777,13.30451768,-5.882003418,1.054719816,4.362861045,-7.617587906
386,1.956666223,0.63127954,0.975600274,-2.549364136,0.465842635,2.239810398,-1.582979869
387,3.182850372,0.787692509,0.610684264,-2.686180949,-0.112148987,3.841997964,-1.683490777
388,3.570353065,0.909171243,0.701224985,-2.807625688,-0.268419632,4.263113373,-1.868210935
389,328.3996728,81.67077846,66.14552504,-291.2413888,-5.024259723,404.0751186,-179.0596546
390,2.063678893,-0.790395143,-2.825578582,-3.510807818,-0.784693793,-3.113590644,-2.684819492
391,-25.86948297,-20.3457576,15.42934542,306.7641235,-54.3220069,-154.2641541,119.7442097
392,0.115764162,-0.448999907,-0.668715965,0.47621394,-1.128762584,-1.283496212,-0.056388996
393,-0.939038594,0.165455917,0.401355204,2.85021046,0.279085416,-1.425207823,-2.847235976
394,-22.51006665,4.749632501,17.70758183,-72.21176809,83.70254943,47.70949458,15.25888908
395,0.278902151,-0.08684528,-0.081947537,-0.496504465,0.276437135,0.205648261,-1.185656356
396,0.443965473,-0.393801432,-0.215878378,0.764005866,1.110590959,-0.695742872,1.748728767
397,24.00703551,-2.909909908,-0.263688098,-16.93042856,2.329786331,10.27317378,-2.206071438
398,10.20869948,-1.143191113,-0.480077681,-7.282965526,1.254171709,4.607079637,-0.040072344
399,102.3251192,-10.6683252,-1.076611523,-76.74882301,9.625885896,47.56540433,-12.1449008
400,0.645444516,0.039423503,0.031026153,0.066824484,0.065544834,-0.070988112,-0.085063661
401,1.539801093,-0.611477606,-0.429029666,-1.466563671,1.297948337,0.386785192,0.737981997
402,12.46827606,0.444023335,0.149420973,1.07751575,1.239405894,-2.095911798,2.396254346
403,0.910544858,-0.255181457,-0.277697553,-0.574368508,0.181354007,0.294315281,-0.048914163
404,3.458118411,-0.889277529,0.210310816,0.020818671,0.30868722,-0.50358642,0.425025577
405,1.075914444,-0.482652125,0.202570905,-0.039082968,0.484733379,-0.35959091,0.615578792
406,1.637575445,-0.178659915,-0.340355114,0.2408051,-0.031469532,-0.41130591,0.26578663
407,0.040334268,-0.133759386,-0.051267269,-0.080610097,-0.035489546,-0.121539461,0.191363314
408,1.74703969,0.483586466,1.561695577,3.149822272,-2.683741881,1.905014865,-1.086078428
409,1.302372531,-0.110274117,-0.034478178,-0.3590495,0.246602224,0.022214263,-0.057449817
410,4.727803066,0.020826027,2.935848625,4.085540494,-1.63380724,-2.367834904,1.930567156
411,0.457494891,-0.137995771,0.156435074,-0.407918512,0.151054812,0.094935931,-0.101387139
412,1.117640452,-0.10048894,0.125335131,0.097605277,-0.048062643,-0.010552827,-0.036430229
413,-0.427406702,-0.02302481,-0.528875105,0.182131499,0.298205064,-0.258005099,0.53351902
414,24.95855524,-2.483638657,0.538745898,4.786102031,-1.231454612,-6.486960873,4.452476137
415,-0.574569967,0.090339126,-0.225487511,1.225443213,-1.231134503,-0.421642799,-0.288893876
416,1.897557165,0.46533415,0.313449261,0.783202701,-1.806013019,-0.326124945,-0.275263004
417,1.594213597,-0.005350127,-0.532533045,-0.178839483,-0.513626198,0.132388589,-0.394065057
418,0.635987267,-0.136050742,-0.046116554,-0.193074322,-0.21756022,-0.038101775,-0.14123683
419,3.157038341,0.549361391,0.075506395,1.295454132,-0.79936454,-0.28944793,0.386149817
420,4.436712227,-0.337446831,0.662565958,2.324145369,-1.236971518,-1.725204864,-0.300374482
421,0.741137016,-0.212703931,0.001517223,-0.230859477,-0.040614862,-0.01980874,0.027787871
422,-0.078599599,-0.381281723,1.454330226,1.341859476,-2.393411717,-0.743616005,-0.593987639
423,-0.907404369,-0.348154676,0.228101072,-0.258457035,0.640787272,-0.787673989,-0.107953001
424,13.12501523,-3.448730883,3.13568053,-1.038610837,-2.267445483,-0.412783512,-0.292031586
425,1.924955301,-0.000258701,-0.516599226,-4.50492695,1.518940633,3.024009769,-0.919156789
426,1.790121851,-0.058559546,0.011658253,-0.360089308,0.297534022,0.18393381,0.149251598
427,14.71790122,-0.106316685,-0.592086346,0.617687155,-0.646050902,-0.356107038,0.187392809
428,1.049715493,-0.000266776,0.137989878,0.078828823,0.103129249,-0.123536565,-0.054868854
429,1.602595348,-0.042632656,0.100612638,-0.032017788,0.173052779,-0.142487081,0.161616374
430,16.01379533,-0.775485903,0.996301175,2.414579331,-0.622169158,-2.90752515,0.698815624
431,4.891327274,-0.055647363,0.730275757,-1.372524167,0.673465022,-0.069584751,-0.788657661
432,3.170624032,-0.207275152,-0.041547326,0.007640223,0.088710748,-0.188822862,0.041389991
433,21.25004396,-1.385567806,0.866861089,-3.245098425,3.45348977,0.53080806,0.852211472
434,4.629458152,-0.06189544,0.316464628,0.733711884,-0.45748501,0.05618744,0.652453758
435,1.085018778,-0.011659223,0.12320759,-0.215757196,0.059323516,0.184382222,-0.105237315
436,1.790946684,-0.135299852,-0.05231247,0.486853094,-0.294115946,-0.398027894,0.058143459
437,1.880641373,0.050055708,0.025363948,0.121270602,0.014135206,-0.058492824,-0.009601364
438,3.112255425,-0.045517969,-0.049365436,-0.37563451,0.182719206,0.128965114,-0.042256237
439,3.608299787,0.015650696,0.280397641,-0.076881868,0.05421099,0.009347895,-0.184946176
440,2.230382737,-0.081362709,0.016725162,-0.245944198,0.100407249,0.099616593,-0.006190756
441,3.92960495,-0.229915766,0.355758967,-0.46122531,0.596250575,0.033302539,-0.055025535
442,3.991505793,-0.044431698,0.052039122,0.163525049,-0.310577282,-0.143272888,-0.160331048
443,3.990352988,0.027259956,0.161637851,-0.532420941,0.273269761,0.420443412,-0.016155022
444,0.913065285,-0.009736948,0.011409437,0.027711506,0.043750964,-0.003878867,0.067196907
445,14.34081319,0.205407013,0.38978426,-1.207764793,0.427141975,1.082049536,-0.010176643
446,2.276544,0.013142216,-0.199712492,0.056238817,-0.11590428,-0.004853199,-0.151423896
447,1.802792801,-0.103853231,0.180937603,-0.357019287,0.303886578,0.046005652,0.001559806
448,11.66021937,-0.20827843,0.443263375,-1.967744542,0.829251007,1.273773372,0.123942436
449,5.132799198,-0.245911345,0.394689357,1.797209586,-3.010270639,-1.531576117,-1.156384906
450,0.067195125,0.432397828,0.363635572,-1.019134294,0.711021876,0.90432611,0.187686747
451,-0.240565077,0.42177822,0.3061051,-2.984182962,1.89825666,2.069214315,-0.082425219
452,-0.026532268,0.311568598,0.239488455,-2.113807011,1.285835803,1.43298376,0.041507892
453,3.251492611,-2.183500352,-0.32352734,-6.845476508,6.81781456,0.97844159,2.283351268
454,1.733796213,-0.262037087,0.339085007,-2.346448132,1.958527166,1.637548724,1.042425645
455,2.251525005,-1.213291885,-0.280522199,-4.589908103,4.530415862,1.597795206,2.100392106
456,6.060692092,-3.474469801,-1.14231932,-13.99081943,13.09466905,4.453783266,5.192506819
457,2.94733586,-0.922647169,0.035181452,-5.300395058,4.449392145,2.811028212,1.987972952
458,1.714780899,-0.146235516,0.75198508,-3.892052789,3.585341163,3.229744052,2.372728603
459,0.715699733,-1.800030176,-0.74450115,-2.992562113,4.823673456,-1.625652102,3.473347728
460,-1.048042622,-5.011066822,-2.500999471,-13.23653985,15.55764965,-0.846718315,7.09068246
461,0.660649339,-7.130225005,-2.590061415,-27.80769436,28.64655547,4.015685594,11.38226202
462,-24.07785748,-28.60013245,-16.42437683,8.948054483,53.20443755,-60.96726466,68.448249
463,-0.166755864,0.905804508,4.803027777,-0.162450373,0.154024212,-1.887943528,-1.97236153
464,-10.54939726,-9.194527175,-6.085064507,-6.705764081,21.20522435,-17.39296449,17.83688136
465,-35.57763531,-62.01939133,-47.4162,47.51158146,87.06337502,-150.233841,158.624083
466,-0.216017628,-0.522000556,-0.562712366,-0.22127062,-0.550535787,1.076514522,-1.19477679
467,-0.536441542,-1.145580108,-0.581988577,-2.673270776,3.226445175,-0.65417183,1.257239407
468,0.024720362,-1.079624439,-0.493861479,-2.611432813,2.945777295,-0.3698892,1.050722254
469,-0.543035489,-1.938186835,-1.083503172,-2.279547581,4.472911327,-2.491837923,3.131819464
470,-0.582095077,-1.072462938,-0.584426341,-2.207439927,2.943835067,-0.83111604,1.43492218
471,-0.244292618,-3.010193028,-1.830615563,-4.717518025,7.505711268,-3.07871121,4.600691908
472,-1.419507058,-3.858408157,-2.882706774,-6.271059345,9.131157294,-4.073347611,4.440034266
473,-0.351716905,-0.765700301,-0.580207082,-1.02967882,1.756925195,-0.8060071,0.993786725
474,-2.52921521,-9.822460118,-7.28610281,-15.54201493,23.3131467,-9.610442014,11.4356277
475,18.08194202,-2.120440201,-2.267434923,-1.928733493,-0.363715783,0.876187422,2.622801457
476,56.37476579,-5.956850139,-5.849044114,-3.587639279,-2.615742096,0.883375437,10.17080067
477,14.37351636,-1.093224033,-4.404991783,1.312646577,-4.243564727,1.511721047,10.02310516
478,1.209771518,0.311708606,1.176532495,2.116460314,-0.447205913,-0.535612351,2.115500045
479,8.946865703,-1.191070728,-1.283639172,-1.193085813,-0.034941784,-0.105051732,1.241289029
480,8.302472075,-0.899642926,-0.431752333,-0.32124421,0.240858028,-1.207961184,1.000492268
481,3.911587269,-0.338105699,-0.308878256,-0.522661302,-0.046703309,0.088977822,0.380759379
482,13.58191392,-1.407324619,-1.166779021,1.230531199,-1.371094918,-2.165698573,2.26660982
483,7.200455306,-0.792045616,-1.040161136,-1.065447861,-0.281372554,0.169563908,0.733510286
484,4.472640427,-0.981198641,-3.932498174,28.73239519,-17.25287479,-11.9849362,-4.90424714
485,-0.046465571,-0.325934002,-1.423742713,-6.206165062,4.712381417,-0.243695478,2.833627934
486,1.946590887,-0.193357722,-1.036024695,6.628644307,-4.201997827,-2.725182725,-1.258798803
487,1.390073705,-0.033652206,-0.64230685,3.992844919,-2.674737458,-1.823828815,-0.777333925
488,1.632093833,-0.255037595,-0.956628886,4.311620309,-2.856613824,-2.092716282,-0.729845944
489,2.501076679,-0.275011672,-1.471754834,6.641023383,-4.420837961,-2.934429814,-1.237887184
490,32.33642908,-42.92809744,-31.70558984,-74.76702401,67.54637456,-13.26620676,8.326887021
491,0.627276447,-1.077075471,-1.729661047,-0.881987872,1.545134491,-2.79993506,0.727411152
492,39.51693214,-38.33876245,-24.9351571,-87.49581245,64.73640955,8.30775895,-6.513360385
493,149.3363422,-136.2276839,-86.04246538,-275.2100394,216.1241502,15.46656401,-22.9728344
494,6.684329544,-9.099931613,-8.691140169,2.619570786,10.28184961,-26.30688561,21.30177089
495,0.415034156,0.693931822,2.456334304,0.023067463,-0.505169473,3.927527467,0.262787179
496,2.60722118,-2.233810471,-1.37375075,-4.387345259,3.406221493,0.117379891,-0.281813938
497,5.378013929,-4.268611257,-2.445612534,-9.047130264,7.022392641,0.845792769,-0.253197621
498,7.301122853,-8.87755574,-4.932571858,-19.13015341,15.33866304,2.400733075,-0.932142547
499,2.618856796,-2.005293166,-1.210179388,-4.356492244,3.291523693,0.708522165,-0.15521341
500,1.20532814,-1.106816797,-0.603409291,-2.666537859,2.038641108,0.43479387,-0.157687561
501,17.16265726,-14.4615863,-7.868497546,-33.86413044,25.60175733,5.083209477,-1.322363728
502,2.805852042,-1.092540543,-0.328483842,-5.527357959,3.937895176,2.694599125,0.470101746
503,1.545487565,0.880721076,0.75140216,-10.37361084,3.209004512,8.024234098,-6.565666387
504,15.51750828,3.915031324,2.428161956,-11.99039595,-2.278288658,19.15691536,-9.40273839
505,11.64987058,2.839057458,1.795395626,-8.100953355,-1.697683001,13.42241797,-6.181842267
506,70.85362735,17.24620149,9.814924447,-50.20703207,-10.55604157,82.84978145,-38.81428658
507,3.111129434,1.452833971,-0.131430871,2.714279691,-4.416651329,0.508565654,-1.272623972
508,1.752877346,0.50755502,0.085137144,2.026755657,-2.040748851,-0.435631134,-0.430353655
509,21.1459412,-0.411719254,-0.736429496,2.03250664,-2.703938263,-0.969613888,-0.330317353
510,2.372015375,-0.572928507,-0.252454321,-0.224599546,0.217608812,-0.545375801,-0.063146408
511,2.182651418,-0.097812467,-0.107677495,0.0112193,-0.00920599,-0.097030415,0.082149479
512,2.677232386,-0.156933763,-0.173959321,0.138397658,-0.273266707,-0.304227703,-0.018486076
513,43.10347968,-7.664441435,-6.49905684,-4.312609082,-22.12292402,-3.284564891,-16.59836951
514,1.936831209,-0.183008477,-0.192487129,-0.816860842,-3.295034804,0.986842589,-1.125528687
515,3.918568045,-0.191391212,-0.038507152,0.00239108,-0.191679663,-0.119859734,-0.028439305
516,3.973517678,0.01296525,-0.092916028,0.112774301,-0.230729075,-0.061431676,0.052538213
517,7.959881091,-0.454178095,-0.237429391,0.013097804,-0.919522238,-0.841029391,-0.758015496
518,33.42289164,-2.128221777,-0.022055653,0.061252645,-2.963342469,-0.929405511,-1.195062529
519,11.29783278,-1.105497119,-2.275781511,1.891147922,-4.810200729,1.330344595,-4.099892822
520,5.215960354,-0.210917186,0.40747175,-4.046683715,1.794667534,0.589071996,1.373016544
521,7.08426063,0.221204455,1.140837482,-1.672950983,0.575170154,1.026573091,-0.856096161
522,1.980469863,-0.097333825,0.027972292,-0.540021438,0.309895016,0.230709193,0.008454179
523,20.85194517,-1.981715268,0.447798455,-1.594719861,1.215109438,-1.873195571,1.308122148
524,1.152163231,-0.114496309,-0.032973486,0.386827607,-0.088958431,-0.295084413,-0.019278222
525,21.26173789,0.685208936,-0.3529276,0.341135023,-0.047387275,-0.014107412,0.484339874
526,1.664815853,-0.146202072,0.26535073,0.014939834,0.256303814,-0.306023187,-0.152617365
527,718.7005337,7.329486822,-37.43737381,106.7575443,-99.7307227,-85.47489355,-40.2295658
528,-0.2637067,3.749805356,0.146345527,-1.073713224,-2.116913924,-0.701479933,-1.065732501
529,0.661894646,-0.022183464,0.033370339,0.117797965,-0.001490636,-0.068072863,-0.103545957
530,-20.11506685,2.104167092,7.383304117,-22.69758293,22.56572521,12.64787599,14.47053888
531,-0.336340733,0.035728919,1.480205339,2.479609245,-1.302832724,-1.758912424,-0.676451378
532,3.302987545,-1.531187706,-1.16011801,-0.725476892,0.176867812,-1.393736515,0.081458277
533,5.765708345,-0.335485348,0.120505149,-1.480091459,1.054217817,0.709312514,0.158314169
534,2.801461771,0.098139596,0.171467998,0.54551297,-0.728378143,-0.328390555,-0.362609431
535,2.724961156,0.107239929,0.074042711,-0.327993484,-0.068565998,0.17849008,-0.233772964
536,2.961784868,-0.070734437,-0.084301748,0.044005452,-0.177909229,-0.103637613,-0.027281356
537,0.864127777,-0.0368421,0.008811894,0.081105408,0.01470039,-0.087912713,0.052563992
538,2.529027559,-0.156107154,0.097540577,-0.236477592,0.297759675,-0.09695893,0.065047336
539,3.503226553,-0.027249367,-0.121109489,-0.473165429,0.256312461,0.20187175,-0.102476823
540,2.480415021,-0.059447597,-0.089936278,0.407746127,-0.18361421,-0.28633396,0.11805847
541,21.18444323,-0.382068808,0.774134156,0.429106092,-1.613889703,-1.615569867,-0.731095667
542,1.662149727,-0.363320945,0.137238099,0.10553374,0.528528547,-0.918735629,0.372386881
543,0.243185989,-0.629662134,0.243970726,-0.02572671,0.434551015,-0.740614592,-1.089696304
544,0.896461112,-1.169094512,-1.055396619,-2.34508764,2.297764496,-0.858676271,0.235070035
545,1.066770542,-2.752307917,-2.593698999,-5.380768268,5.564031954,-2.377577594,0.721865417
546,13.12344687,-19.56329744,-17.56461761,-34.96643841,36.04041187,-15.80895273,3.661205111
547,4.606119568,5.675817919,4.047217554,-7.870962589,-8.6120857,12.15236709,-22.71928968
548,0.425283436,0.432754636,0.113880177,-1.493414826,-0.524909861,1.076828561,-3.195259344
549,2.863990244,-2.526694769,-2.159796093,-1.924515851,3.110643133,-3.587854917,0.832206981
550,0.831354416,-4.770271996,-4.728793223,-5.803470409,7.81044534,-6.483266756,1.4074654
551,1.169606434,-2.695152818,-2.424410343,-2.921138103,4.040068878,-3.608816574,0.850242793
552,0.108024511,-2.078995208,-1.956136455,-2.001814811,3.088116412,-3.234169741,0.779827491
553,11.99905304,-23.28944618,-21.70813207,-21.67629196,33.98711961,-31.69268815,11.21302906
554,0.021144517,-2.650152824,-2.293393342,-1.239029512,3.514617833,-4.5258627,1.543571819
555,1.636628919,-9.714633067,-9.205973357,-12.83549021,17.28595865,-12.82933906,4.492854886
556,0.263576354,-9.793114703,-9.345829432,-12.61588641,16.84318729,-13.29189229,3.661821534
557,0.581875317,-2.293307331,-2.277703916,-2.888770922,3.566544354,-3.217692048,0.333224758
558,0.172695254,-4.41255204,-4.522289222,-5.496973751,7.214740742,-6.646871359,0.678181585
559,2.643392368,-4.527629681,-4.531376054,-6.562528316,7.128015849,-5.518655754,0.158554635
560,1.220323296,-2.214973555,-2.272799198,-3.48748329,3.612060582,-2.607887161,0.042736524
561,1.296398631,-2.670282446,-2.866597753,-4.558096664,4.825692179,-3.149526241,0.369866803
562,0.916995646,-0.123083806,0.108122665,0.405075361,-0.174116014,-0.798183608,-0.307437971
563,19.35638614,-3.379328445,-3.492351322,-8.581050271,7.072070224,-4.303227097,-0.848719658
564,-0.432539164,4.413147819,2.516157555,3.682417147,-4.034175037,2.666922145,0.942300458
565,0.088902034,1.066211744,0.576879232,0.754043698,-0.881981691,0.61964195,0.315644177
566,1.105099648,3.281855767,1.720513587,1.198584661,-1.994336377,2.50656297,1.244447442
567,0.00761838,7.741533616,4.175342881,2.876113184,-4.96209139,6.101615849,1.880356077
568,-1.851343721,3.468447713,2.001843363,1.740161574,-2.097428691,2.575976708,1.124200687
569,0.547655647,0.026125148,-0.189727824,-0.755337558,0.446273899,0.093828067,-0.12796664
570,3.164308955,0.063476641,-0.106503085,-1.940009985,0.309475677,1.759235214,-0.730009985
571,68.18362172,18.37437935,-2.092811858,62.57120144,-97.84467566,11.07184011,-12.22965092
572,-0.416095306,0.552787548,0.41779141,0.949890259,0.141258072,-0.402265407,0.592334227
573,7.778734159,-1.773063369,-3.85727188,-3.040654649,1.019160584,-0.130886731,1.021324282
574,32.62998938,-12.75078355,-25.83685529,-12.23604814,4.239191009,-6.753060856,8.276277924
575,-3.134962596,4.033596704,5.654614472,0.621779806,-0.472590753,3.25343947,-3.307554183
576,67.73334098,-19.37780059,-41.00377739,-40.85183512,11.70095897,4.712007023,6.805527672
577,-0.449272866,1.055282833,1.843542314,-0.137380318,-0.037485891,1.059623866,-0.930053547
578,18.46798112,-6.002645637,-12.02542479,-7.582145502,2.630987194,-1.941354738,3.492672094
579,28.82216999,-12.39636271,-22.99178726,-11.53534266,3.847089366,-6.201727612,7.975823304
580,0.350350938,-0.058438397,-0.10662997,1.428331106,-0.690432154,-1.128421029,0.091953389
581,3.821068691,0.019784302,-0.075674652,3.427524833,-2.976120775,-2.287174682,-1.400228285
582,10.75922958,-1.714911874,-2.296000775,23.20891859,-13.28505677,-17.27650948,-2.158925654
583,3.504355539,0.026797677,-0.250481663,-0.53667521,-0.195373069,0.638688349,0.749969533
584,5.565002223,0.374654142,-0.143890466,-0.543218407,-0.287203314,1.119517238,1.224958179
585,9.239634065,0.212479016,-0.150850202,-1.546039475,-0.081393842,2.281990919,1.957924678
586,4.230966642,0.582431926,0.26788082,-0.08794194,-0.362117312,1.629365436,1.215460283
587,3.77199922,0.152799256,-0.002511809,-0.235148985,-0.28422743,0.737555698,0.54117892
588,4.717064162,0.324073506,-0.03351937,0.683987522,-0.490186429,0.209191763,1.368376475
589,3.176220529,3.02230316,1.79103742,-18.70553172,8.729917893,13.94468498,-4.787728999
590,1.295717839,0.390868806,0.33223785,-0.658295637,0.299523475,0.69705096,0.027696753
591,-0.01824891,0.566746599,0.215427817,-5.354762055,2.574662466,3.710297915,-1.205311433
592,6.655422618,1.572530555,1.09539768,-28.42838486,13.40214601,18.56023762,-5.766542917
593,27.62256703,4.538734881,3.28372927,0.517924123,-11.81087014,2.063720029,-7.988396777
594,2.419296411,-1.210025146,0.226950168,6.390802352,0.257387804,-7.533961094,1.127085041
595,0.367037659,0.168639877,0.135915957,0.425258751,-0.377760662,-0.199028459,0.029113876
596,1.15560353,0.485147521,0.399118109,-4.501209418,2.103084709,3.317944271,-1.389142708
597,0.163381923,0.28297813,0.181440106,-2.581214252,1.283769204,1.853169572,-0.539292789
598,2.194975213,-1.432601893,-1.159052193,-1.608718046,2.296127292,-1.839112723,1.57774497
599,5.15898692,-0.922485884,-1.04217345,-3.892279112,2.200088699,1.070748334,-0.746194274
600,4.131627181,-0.462288139,-0.503730938,-2.737715465,1.317670932,1.087138002,-0.472248459
601,18.66833174,-2.069662993,-2.389455215,-13.10087742,6.763591921,5.060317639,-1.513745283
602,29.63840378,27.09641339,20.81223462,-20.64943941,-31.85132201,74.13813399,-49.30461588
603,1.302489172,-0.041842553,-0.711918834,-0.811068836,0.441043717,-0.426414493,0.780426153
604,8.401446126,-0.51359858,-0.976188524,-5.754722412,2.180063084,3.639789583,-1.311932343
605,17.69984239,-0.706843516,-1.855789855,-11.38275532,4.546647421,7.824612714,-1.246992938
606,1.788569101,0.444600634,0.241775334,-1.047533293,-0.140429099,1.708337518,-0.697378414
607,3.079419664,-0.101996003,-0.182025325,-1.850295306,0.976746094,1.278703731,-0.036759664
608,0.91091476,-0.045209562,-0.119924315,-0.803175487,0.465783822,0.389641654,-0.004901525
609,11.39076878,-0.983367016,-1.115406854,-8.189319736,4.676623222,4.021897755,0.567129229
610,7.639711312,-0.104560138,-0.447565137,-3.010771658,0.841277543,2.196797913,-0.865050233
611,1.371874399,-0.169339127,-0.184113624,-0.830908195,0.472683441,0.358972598,0.005288056
612,46.59630375,-3.162904478,-4.66613376,-22.44182761,8.324927887,13.70573739,-4.756572016
613,-0.225069947,0.353641889,0.304954314,-0.780286293,0.313447351,1.467844034,-0.054602423
614,4.650847173,-0.872698448,-0.848764874,-2.85387717,2.019984862,0.758348834,0.329258795
615,127.8714874,-27.59676711,-31.96898685,-88.81131726,64.90497693,16.31413861,14.44730715
616,0.716158209,0.27366461,0.142217782,-0.33290544,0.667367813,0.808560579,-0.089327324
617,3.631606365,-0.528508964,-0.602365129,-1.86780517,1.095184267,0.798751528,0.215599462
618,7.405765968,-0.317131496,-0.640453217,-3.242000889,0.893843417,2.771745519,-0.675179195
619,3.193859181,-0.361177827,-0.561715071,-1.667863823,0.766284373,0.944704577,-0.083950457
620,15.69508809,-0.366357693,-1.104096986,-6.014988633,1.028228122,6.204364519,-1.861699548
621,2.769046975,-0.072462189,-0.229937836,-1.275982512,0.275308151,1.141043922,-0.360489186
622,1.945020793,-0.21036926,-0.323401708,-1.060816526,0.431466658,0.595619723,-0.197576864
623,1.839972312,-0.241239657,-0.37279319,-1.431963706,0.686152797,0.747384545,-0.117382622
624,5.056747221,-0.941514541,-1.462581517,-3.362867543,1.843682012,0.974548169,-0.363138806
625,4.959995658,-1.616178653,-1.879595139,-2.549517796,2.262804492,-0.870358934,0.847954291
626,2.012278129,-0.525136039,-0.587645764,-0.913049099,0.705894406,-0.086220914,0.209941699
627,5.124663272,-1.526525323,-1.593797753,-3.471193444,2.693287193,0.166375819,0.513668328
628,9.368708712,-3.5548096,-3.582216809,-7.047946165,6.145501689,-0.862968079,1.738513425
629,2.276126421,-0.540891492,-0.528325166,-0.972828073,0.712983032,-0.102843389,0.184775021
630,1.120134295,-0.2703272,-0.325188221,-0.13928195,0.291128345,-0.38476025,0.31772126
631,27.90815892,-4.415509307,-5.877493264,-10.5056235,6.745915725,0.545411029,3.211117995
632,3.518045678,-0.577876847,-0.770549387,1.252425155,-0.229569074,-0.566441302,1.086485477
633,7.11354495,-1.79730753,-2.216041581,-2.716007585,2.964841783,-0.946559667,1.955567046
634,7.789457847,-1.847610481,-2.052219676,-2.136266215,2.963191849,-2.225602747,2.498284886
635,1.544961453,-0.4726687,-0.622205018,-0.816552897,0.890131181,-0.26134114,0.54714499
636,21.88713672,-8.143644592,-8.151204677,-1.445418091,9.919690099,-13.81397039,11.65128946
637,-1.505303165,0.465867082,-4.808599919,1.517994283,0.409588655,5.676843361,6.026702553
638,1.841406233,-0.453780829,-0.815519031,-0.881033214,0.932652892,-0.062966488,0.806324979
639,58.44328496,-20.31319083,-23.42448524,-10.46321367,29.3947613,-30.33449391,28.40764411
640,-0.095594148,-0.125181203,-0.262273026,0.772164522,0.508634914,-0.082214381,1.045588823
641,-7.459758498,-1.361384118,-6.593097667,-3.682432366,8.934537098,3.753278501,9.741807041
642,-18.80772907,-5.135495547,-18.5228359,-8.958365091,27.47493672,10.61035389,31.11469391
643,6.547688575,-1.417940825,-7.61176302,1.154617658,1.146991082,1.267309788,7.80257474
644,10.65634324,1.542898338,-4.397406181,10.21875364,-5.767499353,-2.175322762,5.242997508
645,3.244402236,0.099119406,-2.952988146,3.742512848,3.284357348,0.996099765,6.876560118
646,-0.532337196,-0.207203254,-1.195565219,0.574448979,1.279651255,0.05397282,2.029176795
647,-0.978010588,-0.693576703,-2.787798109,-1.014803217,3.489439553,1.214602098,4.240970984
648,-3.583353634,-0.978454323,-4.236880629,-2.081747944,5.665176004,2.141443914,6.249801608
649,-2.112085758,-0.136314233,-2.163480748,-0.488924616,2.622173534,0.874734639,3.23165332
650,-4.121975621,-0.615978956,-4.267196938,-1.514529198,5.993093399,2.416510298,6.989584004
651,-5.156453364,-1.864146795,-6.204137813,-3.930497617,10.64959899,4.026191628,10.95357418
652,-2.126352154,-0.536888712,-1.897750853,-1.320310008,3.051671712,1.292642033,3.221708791
653,-0.851935764,-0.36947756,-1.144266876,-1.012580526,1.821066857,0.832968717,1.780239981
654,-7.957660766,-1.41568173,-5.043825472,-4.54610343,8.820272591,3.485606607,8.150085405
655,-13.62875131,-4.011571325,-16.49620714,-12.46375087,24.02529204,9.012613482,23.88729137
656,-37.21744399,-8.452784247,-23.02704335,-27.7545076,47.51074245,20.25222549,40.42867884
657,-12.55785683,-4.273798329,-19.06300691,-13.2801072,26.39739635,8.132723032,28.26593787
658,-9.72273133,-1.621287636,-4.470872313,-5.855103683,10.24317697,4.209155906,8.276239699
659,-1.105866747,-0.506466637,-2.179152796,-2.114300703,3.435356087,1.592916853,3.258686815
660,-2.154923193,-0.816668853,-2.297389252,-2.787512268,4.478748053,1.898953217,3.773338336
661,-3.755167892,-0.800131674,-2.810106457,-3.338887093,5.642584022,2.414900376,4.937742201
662,-13.04661045,-2.297319084,-8.622868727,-9.562008992,15.59113028,6.331610417,13.90384563
663,-4.672339792,-1.030888161,-3.550588465,-4.297586432,7.246495796,2.960534571,6.41667042
664,-6.257192869,-1.863300944,-4.661045352,-6.798931047,10.75488775,4.280318484,8.773974677
665,0.317718073,0.473385745,-0.027338986,-0.250751876,0.781756418,0.428841207,0.421504041
666,1.053337864,0.27779864,0.023981479,-0.279826882,0.232795359,0.412488248,0.257978924
667,11.81448047,2.808573551,-0.367768253,1.845128311,-1.446448662,0.502006314,0.972411738
668,0.108719288,-1.295204093,-1.272357709,0.143466551,0.600165253,-2.355115073,-0.152978821
669,1.08619778,0.572402379,0.045201308,0.495134923,-0.183515809,-0.105415696,0.566114285
670,1.461635833,0.878383027,0.155372511,-0.095422389,0.024194094,0.676702736,0.196533463
671,7.707320856,2.253043711,-0.056326919,1.427564255,-0.649571911,1.091958413,1.05983674
672,12.19131722,3.787515443,4.137062273,17.94725396,-20.57627259,-7.558846081,-17.66871824
673,0.40228664,0.046210262,-0.582048661,-0.862320407,0.353350377,0.335669744,-0.952995924
674,3.299439036,-0.542946662,-1.343854919,-1.558906486,1.030732278,-0.056744813,0.271552074
675,5.69141804,-0.81673123,-1.974582891,-3.062896402,2.191441563,0.328456241,1.301931998
676,4.303190262,-1.235121803,-2.90633462,-6.079224851,4.558547193,0.981212384,1.753116742
677,5.362790427,-0.617787574,-2.325443221,-3.988331058,1.993696031,1.198045823,-0.900174847
678,3.024788122,-0.650756335,-1.617565065,-3.216325533,2.43538293,0.709907505,1.01836689
679,1.577551719,-0.399850014,-0.933293048,-1.599537315,1.318443257,0.179588769,0.588552976
680,1.770193812,-0.119563793,-0.569556959,-1.424876204,0.737147096,0.724352541,-0.304880138
681,3.866727563,-0.786097876,-2.160535733,-5.812830296,3.832928567,1.726716168,0.298004014
682,18.33016075,-3.209842794,-10.56910762,-21.29915694,15.6372511,5.945822631,2.888407851
683,2.172238294,-0.14906867,-1.679782336,0.170778369,0.466787953,-1.119219849,0.475932102
684,3.083153422,-0.769489443,-1.756667434,-3.232746773,2.354436999,0.799951729,0.766841845
685,2.999252775,-1.059104228,-3.065644446,-6.367210682,4.658527123,1.770799263,0.630934907
686,16.93471302,-2.17720801,-5.472064514,-10.50532049,8.614019666,2.67248937,5.034073302
687,3.796019214,0.273931622,-0.161485759,-0.327732938,-1.076866395,1.182959366,0.676121546
688,9.242442236,-0.331605237,-1.21189464,-1.343099658,-1.779646958,2.389390597,1.986552597
689,4.830107713,0.067244521,-0.571224623,-0.348548357,-1.320816229,1.406953984,1.323550276
690,3.593413151,0.01111493,-0.211511618,-0.76892164,-0.530686591,1.180856558,0.518194256
691,2.942950844,-0.130817539,-0.535180771,-0.551717042,-0.570748584,0.819202253,0.621003861
692,32.92405183,-2.685760124,-7.516438986,-6.117515164,-5.168708136,7.396215063,7.468039968
693,7.547720342,-0.9603159,-2.101031287,-1.982621732,-0.786068304,1.868118181,1.869038841
694,4.8504789,-0.619984229,-1.444954964,-0.973606279,-0.645282659,0.954815999,1.297471888
695,18.02391614,-2.171143715,-4.989786923,-4.573933349,-1.526666476,4.239254667,4.502077622
696,1.600849949,0.472291631,0.098264112,1.484334012,-0.482025221,0.280764206,0.215352357
697,1.959484361,0.213172155,-0.273399158,-0.433325554,0.683588592,1.207533675,0.813126612
698,0.699892634,0.130658923,-0.204888442,-0.88283183,0.794190774,1.158437679,0.388672094
699,3.636774568,0.729374663,-0.285315892,-2.823553801,1.502357472,3.277479616,0.654639115
700,9.089165149,2.451531909,-0.567437418,-4.019963079,3.3082567,6.912772763,2.525957644
701,2.052554489,0.643594643,0.04530056,-0.29571416,0.202078862,1.350774351,0.4420457
702,1.196026462,-0.940507386,-1.273597949,-0.406832175,1.260407637,-1.416243417,0.531189454
703,1.071559204,-0.338577497,-0.572507783,-0.378603815,0.519077675,-0.451925718,0.093517958
704,7.358813204,-2.944555221,-3.398181713,-2.602933428,4.038589508,-3.783768677,1.445423925
705,0.429518535,0.446347507,0.021932782,-10.35820169,6.087818793,7.309809486,-0.744399538
706,0.434672482,0.250653024,0.107032204,-2.349361995,1.488901259,2.18870074,-0.014984905
707,4.396628997,0.466118294,0.027215548,-6.01269239,4.202629657,5.704513721,0.242350206
708,2.827204414,1.070213634,0.830930574,-2.860150111,2.653163945,4.365572305,0.475413672
709,1.460454261,0.353701587,0.124034068,-3.229582704,1.931823231,3.204024071,-0.31145597
710,16.38773724,2.985827212,1.365997544,-1.799622672,-1.031126316,9.274490662,-2.868132427
711,1.369269363,0.481381052,0.134402465,0.196446685,-0.472558146,0.734714733,-0.097625633
712,4.117555228,1.46198923,0.515114262,-3.043556539,1.082744416,4.661307665,-0.803809786
713,1.847028148,0.961862522,0.419375413,-0.10242635,-0.429957028,1.894589789,-0.866265
714,4.061899814,0.860842928,0.230557542,0.854843349,-1.056609868,1.057867314,-0.223392424
715,28.46575672,15.82665846,7.088032285,1.629293937,3.371750266,31.65026099,-3.358241875
716,2.005506215,1.350768922,2.055521128,0.776617863,0.300339952,1.952207065,-0.90349409
717,-0.119870997,-0.344563856,-0.57649545,0.558380687,0.574971806,-0.930092067,0.876525582
718,16.643922,-4.202519753,-5.84311363,-0.120691843,4.662096063,-7.037653087,5.158367174
719,0.27448984,0.323286582,-0.759218009,0.7105594,0.480470869,0.765896575,1.366917472
720,1.676610745,-0.25668485,-0.429646071,-0.029270985,0.304037623,-0.368398579,0.421161141
721,2.550290704,-0.488992599,-0.727168577,-0.265806948,0.781288393,-0.819186095,0.725956118
722,3.740451317,-0.543261036,-0.86621228,-0.269207122,0.715664198,-0.749092118,0.687389209
723,21.69917305,-2.795052061,-4.007988033,-2.66144816,4.35708044,-3.569948198,3.521855051
724,0.066657356,0.425994578,0.275434807,2.074183978,-0.688605755,-0.56818953,1.195231727
725,4.382828593,-0.51340534,-0.804675349,-0.267998566,0.707597376,-0.616536831,0.536781953
726,734.9095343,-7.746540609,-77.92591936,-102.7441945,44.54154718,93.06139608,10.72993387
727,-3.291726019,1.797176911,-1.352303263,-1.15508635,1.666016881,1.834160181,-2.741964701
728,11.56628349,-1.04133492,-2.201418854,14.93707878,-16.42116122,-10.28638999,-8.340091593
729,3.872990515,0.000772047,-0.178285097,0.949045862,-0.348390796,-0.690202801,0.096448027
730,3.270642634,-0.108814686,0.116399102,0.441172739,-0.142054201,-0.153267301,-0.200398198
731,3.547801842,-0.201837531,-0.280026667,0.66295905,0.116948545,-0.867123053,0.459714832
732,5.933065237,0.198775812,-0.07032291,0.942244072,-0.912154103,-0.467695322,-0.056769088
733,5.341010852,-0.144073224,0.161723419,-0.940798254,0.905738697,0.272265175,0.217657304
734,9.938143313,-0.439609918,-0.406112774,2.616371745,-0.415996283,-2.366150028,0.186286149
735,3.694071804,0.128338801,-0.420266979,0.765995093,-0.420709724,-0.217713551,-0.122963154
736,4.999381655,0.107129562,-0.148696566,0.464215903,-0.14035306,-0.236401012,0.197155951
737,13.28568604,0.361199888,-0.370300723,1.350705929,-2.105610694,-0.229093161,0.358377721
738,13.52110776,-1.045015007,-2.420230349,3.834833631,-0.906183875,-2.538604134,1.369755358
739,12.07781711,-0.451333239,-0.712545273,3.974141848,0.711408274,-3.632126775,0.53049851
740,6.161039988,0.039366933,0.416591863,-0.221847426,0.302470522,-0.195666241,0.280601469
741,6.383311635,-0.027742345,0.221401822,0.278665521,-0.228266136,-0.457277519,0.169137573
742,60.5324859,-2.348281389,-1.940752089,2.820419719,-5.426345928,-1.294902393,1.781756364
743,0.711095547,-0.043808631,-0.430668461,0.810529753,0.669663283,-1.930512732,-0.89621663
744,4.269404411,0.097224151,0.147448232,0.50622602,-0.406632959,-0.14117768,-0.038548731
745,10.50101219,-0.083324612,-0.015657801,3.925533321,-1.234915412,-2.502798873,-0.376533276
746,1.879963256,-0.472148068,-0.707714627,2.703230781,0.029686622,-2.509827033,0.923028955
747,1.158773521,0.565444487,0.289234119,1.772458002,-2.003249724,-0.385810732,-1.600274758
748,10.23860832,-0.029273172,-0.639212095,2.524204608,0.339142093,-2.598100376,2.093211704
749,1.086862217,0.081763808,-0.074493396,0.115281743,0.074514565,-0.024936795,0.245642417
750,3.24640559,-0.162360756,-0.240262964,0.722260847,-0.237846958,-0.891424456,0.456470712
